Date,Stock Index,Open Price,Close Price,Daily High,Daily Low,Trading Volume,Forex USD/ZAR,Gold Price (USD per Ounce),Crude Oil Price (USD per Barrel),GDP Growth (%),Inflation Rate (%),Unemployment Rate (%),Interest Rate (%)
2021-02-15,FTSE/JSE All Share,66132.2421875,67124.828125,67124.828125,66132.2421875,0,14.543450355529785,,,4.85864865060148,4.61874544887136,34.007,0.59508785972345
2021-02-16,FTSE/JSE All Share,67124.828125,67227.0625,67736.9609375,66989.3203125,0,14.434599876403809,1797.199951171875,60.04999923706055,4.85864865060148,4.61874544887136,34.007,0.59508785972345
2021-02-17,FTSE/JSE All Share,67227.0625,67110.0703125,67599.2734375,67018.40625,0,14.66759967803955,1771.0999755859375,61.13999938964844,4.85864865060148,4.61874544887136,34.007,0.59508785972345
2021-02-18,FTSE/JSE All Share,67110.0703125,66575.453125,67110.0703125,66524.078125,0,14.560600280761719,1773.4000244140625,60.52000045776367,4.85864865060148,4.61874544887136,34.007,0.59508785972345
2021-02-19,FTSE/JSE All Share,66575.453125,67464.859375,67471.953125,66232.203125,0,14.586999893188477,1775.800048828125,59.2400016784668,4.85864865060148,4.61874544887136,34.007,0.59508785972345
2021-02-22,FTSE/JSE All Share,67464.859375,67362.8203125,67624.140625,67127.2890625,0,14.657050132751465,1806.699951171875,61.4900016784668,4.85864865060148,4.61874544887136,34.007,0.59508785972345
2021-02-23,FTSE/JSE All Share,67362.8203125,65921.6015625,67696.8984375,65775.59375,0,14.662199974060059,1804.4000244140625,61.66999816894531,4.85864865060148,4.61874544887136,34.007,0.59508785972345
2021-02-24,FTSE/JSE All Share,65921.6015625,66200.7578125,66955.1875,65720.71875,0,14.552740097045898,1796.4000244140625,63.220001220703125,4.85864865060148,4.61874544887136,34.007,0.59508785972345
2021-02-25,FTSE/JSE All Share,66200.7578125,67483.7578125,67570.9765625,66200.7578125,0,14.481599807739258,1774.4000244140625,63.529998779296875,4.85864865060148,4.61874544887136,34.007,0.59508785972345
2021-02-26,FTSE/JSE All Share,67483.7578125,66138.046875,67483.7578125,65808.8671875,0,14.998100280761719,1728.0999755859375,61.5,4.85864865060148,4.61874544887136,34.007,0.59508785972345
2021-03-01,FTSE/JSE All Share,66138.046875,67536.9609375,67859.90625,66138.046875,0,15.039480209350586,1722.5,60.63999938964844,4.85864865060148,4.61874544887136,34.007,0.59508785972345
2021-03-02,FTSE/JSE All Share,67536.9609375,68510.75,68543.8984375,67277.7421875,0,14.961700439453125,1733.0999755859375,59.75,4.85864865060148,4.61874544887136,34.007,0.59508785972345
2021-03-03,FTSE/JSE All Share,68510.75,68326.7890625,69403.75,68226.703125,0,14.922800064086914,1715.300048828125,61.279998779296875,4.85864865060148,4.61874544887136,34.007,0.59508785972345
2021-03-04,FTSE/JSE All Share,68326.7890625,67743.5390625,68358.390625,67588.2109375,0,15.06190013885498,1700.199951171875,63.83000183105469,4.85864865060148,4.61874544887136,34.007,0.59508785972345
2021-03-05,FTSE/JSE All Share,67743.5390625,68271.1875,68462.3828125,67501.453125,0,15.279399871826172,1698.0,66.08999633789062,4.85864865060148,4.61874544887136,34.007,0.59508785972345
2021-03-08,FTSE/JSE All Share,68271.1875,68426.171875,68493.7265625,67922.859375,0,15.311450004577637,1677.699951171875,65.05000305175781,4.85864865060148,4.61874544887136,34.007,0.59508785972345
2021-03-09,FTSE/JSE All Share,68426.171875,68655.9609375,69021.59375,68051.921875,0,15.5246000289917,1716.5999755859375,64.01000213623047,4.85864865060148,4.61874544887136,34.007,0.59508785972345
2021-03-10,FTSE/JSE All Share,68655.9609375,68516.9921875,68655.9609375,67941.453125,0,15.281990051269531,1721.5,64.44000244140625,4.85864865060148,4.61874544887136,34.007,0.59508785972345
2021-03-11,FTSE/JSE All Share,68516.9921875,68775.0625,68924.9921875,68516.9921875,0,15.065899848937988,1722.300048828125,66.0199966430664,4.85864865060148,4.61874544887136,34.007,0.59508785972345
2021-03-12,FTSE/JSE All Share,68775.0625,68209.859375,68775.0625,67675.59375,0,14.803099632263184,1719.5,65.61000061035156,4.85864865060148,4.61874544887136,34.007,0.59508785972345
2021-03-15,FTSE/JSE All Share,68209.859375,67566.421875,68209.859375,67566.421875,0,14.93529987335205,1728.9000244140625,65.38999938964844,4.85864865060148,4.61874544887136,34.007,0.59508785972345
2021-03-16,FTSE/JSE All Share,67566.421875,67289.3671875,67842.296875,67044.5234375,0,14.8548002243042,1730.5999755859375,64.80000305175781,4.85864865060148,4.61874544887136,34.007,0.59508785972345
2021-03-17,FTSE/JSE All Share,67289.3671875,66494.4921875,67445.4296875,66246.6015625,0,14.860300064086914,1726.800048828125,64.5999984741211,4.85864865060148,4.61874544887136,34.007,0.59508785972345
2021-03-18,FTSE/JSE All Share,66494.4921875,66739.7421875,67516.34375,66494.4921875,0,14.605600357055664,1732.199951171875,60.0,4.85864865060148,4.61874544887136,34.007,0.59508785972345
2021-03-19,FTSE/JSE All Share,66739.7421875,65911.2734375,66739.7421875,65609.578125,0,14.728309631347656,1741.4000244140625,61.41999816894531,4.85864865060148,4.61874544887136,34.007,0.59508785972345
2021-03-23,FTSE/JSE All Share,65911.2734375,65318.51953125,65911.2734375,65171.3515625,0,14.702500343322754,1724.699951171875,57.7599983215332,4.85864865060148,4.61874544887136,34.007,0.59508785972345
2021-03-24,FTSE/JSE All Share,65318.51953125,65257.08984375,65460.16015625,64248.359375,0,14.881199836730957,1732.9000244140625,61.18000030517578,4.85864865060148,4.61874544887136,34.007,0.59508785972345
2021-03-25,FTSE/JSE All Share,65257.08984375,64783.62109375,65400.328125,64503.03125,0,14.950360298156738,1724.9000244140625,58.560001373291016,4.85864865060148,4.61874544887136,34.007,0.59508785972345
2021-03-26,FTSE/JSE All Share,64783.62109375,66833.9921875,66861.6875,64783.62109375,0,14.995719909667969,1732.199951171875,60.970001220703125,4.85864865060148,4.61874544887136,34.007,0.59508785972345
2021-03-29,FTSE/JSE All Share,66833.9921875,67089.3671875,67430.1171875,66576.328125,0,14.971949577331543,1712.0999755859375,61.560001373291016,4.85864865060148,4.61874544887136,34.007,0.59508785972345
2021-03-30,FTSE/JSE All Share,67089.3671875,67291.65625,67340.0625,66773.328125,0,14.910730361938477,1683.9000244140625,60.54999923706055,4.85864865060148,4.61874544887136,34.007,0.59508785972345
2021-03-31,FTSE/JSE All Share,67291.65625,66485.2890625,67323.921875,66384.1875,0,14.901180267333984,1713.800048828125,59.15999984741211,4.85864865060148,4.61874544887136,34.007,0.59508785972345
2021-04-01,FTSE/JSE All Share,66485.2890625,67236.3125,67523.3203125,66485.2890625,0,14.779199600219727,1726.5,61.45000076293945,4.85864865060148,4.61874544887136,34.007,0.59508785972345
2021-04-06,FTSE/JSE All Share,67236.3125,68063.890625,68092.8671875,67236.3125,0,14.546079635620117,1741.5,59.33000183105469,4.85864865060148,4.61874544887136,34.007,0.59508785972345
2021-04-07,FTSE/JSE All Share,68063.890625,67160.421875,68132.1796875,67050.7265625,0,14.512399673461914,1740.0999755859375,59.77000045776367,4.85864865060148,4.61874544887136,34.007,0.59508785972345
2021-04-08,FTSE/JSE All Share,67160.421875,67053.96875,67976.7734375,66953.078125,0,14.53909969329834,1756.800048828125,59.599998474121094,4.85864865060148,4.61874544887136,34.007,0.59508785972345
2021-04-09,FTSE/JSE All Share,67053.96875,67191.2734375,67241.7109375,66886.890625,0,14.516819953918457,1743.300048828125,59.31999969482422,4.85864865060148,4.61874544887136,34.007,0.59508785972345
2021-04-12,FTSE/JSE All Share,67191.2734375,66390.0234375,67191.2734375,66257.2421875,0,14.576310157775879,1731.199951171875,59.70000076293945,4.85864865060148,4.61874544887136,34.007,0.59508785972345
2021-04-13,FTSE/JSE All Share,66390.0234375,67072.4921875,67150.3515625,66291.78125,0,14.559100151062012,1746.199951171875,60.18000030517578,4.85864865060148,4.61874544887136,34.007,0.59508785972345
2021-04-14,FTSE/JSE All Share,67072.4921875,67812.1484375,67839.5625,67072.4921875,0,14.493000030517578,1734.9000244140625,63.150001525878906,4.85864865060148,4.61874544887136,34.007,0.59508785972345
2021-04-15,FTSE/JSE All Share,67812.1484375,67823.09375,68104.7421875,67682.7265625,0,14.386899948120117,1765.4000244140625,63.459999084472656,4.85864865060148,4.61874544887136,34.007,0.59508785972345
2021-04-16,FTSE/JSE All Share,67823.09375,68698.78125,68741.828125,67823.09375,0,14.143400192260742,1779.0,63.130001068115234,4.85864865060148,4.61874544887136,34.007,0.59508785972345
2021-04-19,FTSE/JSE All Share,68698.78125,68094.28125,68802.6875,68094.28125,0,14.302220344543457,1769.4000244140625,63.380001068115234,4.85864865060148,4.61874544887136,34.007,0.59508785972345
2021-04-20,FTSE/JSE All Share,68094.28125,66835.5234375,68106.71875,66786.4765625,0,14.208200454711914,1777.300048828125,62.439998626708984,4.85864865060148,4.61874544887136,34.007,0.59508785972345
2021-04-21,FTSE/JSE All Share,66835.5234375,67145.75,67227.171875,66427.453125,0,14.285499572753906,1792.300048828125,61.349998474121094,4.85864865060148,4.61874544887136,34.007,0.59508785972345
2021-04-22,FTSE/JSE All Share,67145.75,66971.59375,67395.21875,66803.6875,0,14.217499732971191,1781.199951171875,61.43000030517578,4.85864865060148,4.61874544887136,34.007,0.59508785972345
2021-04-23,FTSE/JSE All Share,66971.59375,67295.7421875,67295.7421875,66789.4609375,0,14.309280395507812,1777.0,62.13999938964844,4.85864865060148,4.61874544887136,34.007,0.59508785972345
2021-04-26,FTSE/JSE All Share,67295.7421875,67572.578125,67594.421875,67266.609375,0,14.272890090942383,1779.199951171875,61.90999984741211,4.85864865060148,4.61874544887136,34.007,0.59508785972345
2021-04-28,FTSE/JSE All Share,67572.578125,67740.109375,67983.7265625,67444.40625,0,14.36868953704834,1773.199951171875,63.86000061035156,4.85864865060148,4.61874544887136,34.007,0.59508785972345
2021-04-29,FTSE/JSE All Share,67740.109375,67392.7265625,68188.1875,67361.078125,0,14.204099655151367,1768.0999755859375,65.01000213623047,4.85864865060148,4.61874544887136,34.007,0.59508785972345
2021-04-30,FTSE/JSE All Share,67392.7265625,66937.0,67420.1875,66667.03125,0,14.281800270080566,1767.300048828125,63.58000183105469,4.85864865060148,4.61874544887136,34.007,0.59508785972345
2021-05-03,FTSE/JSE All Share,66937.0,66586.2421875,67101.640625,66320.9609375,0,14.458600044250488,1791.4000244140625,64.48999786376953,4.85864865060148,4.61874544887136,34.007,0.59508785972345
2021-05-04,FTSE/JSE All Share,66586.2421875,66173.96875,67183.5234375,65969.09375,0,14.397700309753418,1775.800048828125,65.69000244140625,4.85864865060148,4.61874544887136,34.007,0.59508785972345
2021-05-05,FTSE/JSE All Share,66173.96875,67346.1875,67400.46875,66173.96875,0,14.462200164794922,1784.0999755859375,65.62999725341797,4.85864865060148,4.61874544887136,34.007,0.59508785972345
2021-05-06,FTSE/JSE All Share,67346.1875,67608.890625,67687.9609375,67050.703125,0,14.344590187072754,1815.5,64.70999908447266,4.85864865060148,4.61874544887136,34.007,0.59508785972345
2021-05-07,FTSE/JSE All Share,67608.890625,68519.53125,68664.359375,67608.890625,0,14.186490058898926,1831.0999755859375,64.9000015258789,4.85864865060148,4.61874544887136,34.007,0.59508785972345
2021-05-10,FTSE/JSE All Share,68519.53125,68377.2265625,69043.1015625,68373.640625,0,14.055299758911133,1837.5,64.91999816894531,4.85864865060148,4.61874544887136,34.007,0.59508785972345
2021-05-11,FTSE/JSE All Share,68377.2265625,67241.203125,68377.2265625,66993.578125,0,14.038029670715332,1835.9000244140625,65.27999877929688,4.85864865060148,4.61874544887136,34.007,0.59508785972345
2021-05-12,FTSE/JSE All Share,67241.203125,67424.2734375,68402.9765625,67241.203125,0,13.973600387573242,1822.5999755859375,66.08000183105469,4.85864865060148,4.61874544887136,34.007,0.59508785972345
2021-05-13,FTSE/JSE All Share,67424.2734375,66168.6484375,67424.2734375,65362.26171875,0,14.115599632263184,1823.800048828125,63.81999969482422,4.85864865060148,4.61874544887136,34.007,0.59508785972345
2021-05-14,FTSE/JSE All Share,66168.6484375,66598.1328125,66635.7109375,66090.9375,0,14.12930965423584,1837.9000244140625,65.37000274658203,4.85864865060148,4.61874544887136,34.007,0.59508785972345
2021-05-17,FTSE/JSE All Share,66598.1328125,67217.109375,67373.6171875,66590.34375,0,14.125439643859863,1867.5,66.2699966430664,4.85864865060148,4.61874544887136,34.007,0.59508785972345
2021-05-18,FTSE/JSE All Share,67217.109375,67254.921875,67989.7734375,67057.8828125,0,14.092610359191895,1867.800048828125,65.48999786376953,4.85864865060148,4.61874544887136,34.007,0.59508785972345
2021-05-19,FTSE/JSE All Share,67254.921875,65855.8125,67254.921875,65722.6875,0,14.007519721984863,1881.300048828125,63.36000061035156,4.85864865060148,4.61874544887136,34.007,0.59508785972345
2021-05-20,FTSE/JSE All Share,65855.8125,66124.4375,66423.203125,65757.171875,0,14.101300239562988,1881.800048828125,62.04999923706055,4.85864865060148,4.61874544887136,34.007,0.59508785972345
2021-05-21,FTSE/JSE All Share,66124.4375,66238.9296875,66771.34375,66124.4375,0,13.977970123291016,1876.699951171875,63.58000183105469,4.85864865060148,4.61874544887136,34.007,0.59508785972345
2021-05-24,FTSE/JSE All Share,66238.9296875,66054.921875,66493.1328125,65940.2578125,0,13.956450462341309,1884.5999755859375,66.05000305175781,4.85864865060148,4.61874544887136,34.007,0.59508785972345
2021-05-25,FTSE/JSE All Share,66054.921875,66076.6796875,66812.453125,66022.9765625,0,13.914199829101562,1898.0999755859375,66.06999969482422,4.85864865060148,4.61874544887136,34.007,0.59508785972345
2021-05-26,FTSE/JSE All Share,66076.6796875,66108.2265625,66446.3671875,66030.3515625,0,13.839099884033203,1901.300048828125,66.20999908447266,4.85864865060148,4.61874544887136,34.007,0.59508785972345
2021-05-27,FTSE/JSE All Share,66108.2265625,66940.25,66940.25,66102.546875,0,13.76078987121582,1895.699951171875,66.8499984741211,4.85864865060148,4.61874544887136,34.007,0.59508785972345
2021-05-28,FTSE/JSE All Share,66940.25,67554.859375,67726.5625,66794.609375,0,13.756460189819336,1902.5,66.31999969482422,4.85864865060148,4.61874544887136,34.007,0.59508785972345
2021-05-31,FTSE/JSE All Share,67554.859375,67964.0390625,68140.8515625,67554.859375,0,13.768500328063965,,,4.85864865060148,4.61874544887136,34.007,0.59508785972345
2021-06-01,FTSE/JSE All Share,67964.0390625,68922.859375,69141.109375,67964.0390625,0,13.707300186157227,1902.9000244140625,67.72000122070312,4.85864865060148,4.61874544887136,34.007,0.59508785972345
2021-06-02,FTSE/JSE All Share,68922.859375,69049.0390625,69278.046875,68905.53125,0,13.757229804992676,1907.5,68.83000183105469,4.85864865060148,4.61874544887136,34.007,0.59508785972345
2021-06-03,FTSE/JSE All Share,69049.0390625,67791.3828125,69049.0390625,67614.1015625,0,13.514869689941406,1871.199951171875,68.80999755859375,4.85864865060148,4.61874544887136,34.007,0.59508785972345
2021-06-04,FTSE/JSE All Share,67791.3828125,67825.0234375,68247.34375,67636.2265625,0,13.62108039855957,1889.800048828125,69.62000274658203,4.85864865060148,4.61874544887136,34.007,0.59508785972345
2021-06-07,FTSE/JSE All Share,67825.0234375,67575.421875,67825.0234375,67179.0703125,0,13.417940139770508,1896.800048828125,69.2300033569336,4.85864865060148,4.61874544887136,34.007,0.59508785972345
2021-06-08,FTSE/JSE All Share,67575.421875,67644.84375,67927.1171875,67435.90625,0,13.52865982055664,1892.199951171875,70.05000305175781,4.85864865060148,4.61874544887136,34.007,0.59508785972345
2021-06-09,FTSE/JSE All Share,67644.84375,67681.46875,67726.3984375,67356.2265625,0,13.569510459899902,1893.199951171875,69.95999908447266,4.85864865060148,4.61874544887136,34.007,0.59508785972345
2021-06-10,FTSE/JSE All Share,67681.46875,67542.84375,68062.28125,67460.671875,0,13.732290267944336,1894.199951171875,70.29000091552734,4.85864865060148,4.61874544887136,34.007,0.59508785972345
2021-06-11,FTSE/JSE All Share,67542.84375,67723.90625,67861.8203125,67438.609375,0,13.593299865722656,1877.4000244140625,70.91000366210938,4.85864865060148,4.61874544887136,34.007,0.59508785972345
2021-06-14,FTSE/JSE All Share,67723.90625,67941.4765625,68228.53125,67644.75,0,13.706999778747559,1864.0,70.87999725341797,4.85864865060148,4.61874544887136,34.007,0.59508785972345
2021-06-15,FTSE/JSE All Share,67941.4765625,67310.5703125,68010.6171875,67110.390625,0,13.765080451965332,1854.5,72.12000274658203,4.85864865060148,4.61874544887136,34.007,0.59508785972345
2021-06-17,FTSE/JSE All Share,67310.5703125,66585.4765625,67310.5703125,66504.2265625,0,13.98270034790039,1773.800048828125,71.04000091552734,4.85864865060148,4.61874544887136,34.007,0.59508785972345
2021-06-18,FTSE/JSE All Share,66585.4765625,65635.2265625,66593.9296875,65635.2265625,0,14.097999572753906,1767.9000244140625,71.63999938964844,4.85864865060148,4.61874544887136,34.007,0.59508785972345
2021-06-21,FTSE/JSE All Share,65635.2265625,65563.4765625,65725.578125,65078.44140625,0,14.335399627685547,1781.800048828125,73.66000366210938,4.85864865060148,4.61874544887136,34.007,0.59508785972345
2021-06-22,FTSE/JSE All Share,65563.4765625,65551.7265625,65873.3984375,65362.48828125,0,14.214500427246094,1776.300048828125,73.05999755859375,4.85864865060148,4.61874544887136,34.007,0.59508785972345
2021-06-23,FTSE/JSE All Share,65551.7265625,65819.6328125,66124.8125,65546.6875,0,14.25802993774414,1782.300048828125,73.08000183105469,4.85864865060148,4.61874544887136,34.007,0.59508785972345
2021-06-24,FTSE/JSE All Share,65819.6328125,66263.4921875,66358.46875,65574.8203125,0,14.209600448608398,1775.5999755859375,73.30000305175781,4.85864865060148,4.61874544887136,34.007,0.59508785972345
2021-06-25,FTSE/JSE All Share,66263.4921875,66215.46875,66595.40625,66088.1328125,0,14.189339637756348,1776.5999755859375,74.05000305175781,4.85864865060148,4.61874544887136,34.007,0.59508785972345
2021-06-28,FTSE/JSE All Share,66215.46875,65809.3515625,66240.0390625,65737.7265625,0,14.152139663696289,1779.5999755859375,72.91000366210938,4.85864865060148,4.61874544887136,34.007,0.59508785972345
2021-06-29,FTSE/JSE All Share,65809.3515625,66548.7109375,66829.9375,65763.8828125,0,14.247400283813477,1762.800048828125,72.9800033569336,4.85864865060148,4.61874544887136,34.007,0.59508785972345
2021-06-30,FTSE/JSE All Share,66548.7109375,66248.7421875,66660.453125,66108.8984375,0,14.342399597167969,1770.800048828125,73.47000122070312,4.85864865060148,4.61874544887136,34.007,0.59508785972345
2021-07-01,FTSE/JSE All Share,66248.7421875,66555.78125,66807.359375,66069.3671875,0,14.231499671936035,1775.9000244140625,75.2300033569336,4.85864865060148,4.61874544887136,34.007,0.59508785972345
2021-07-02,FTSE/JSE All Share,66555.78125,66323.7578125,66945.9765625,66259.46875,0,14.4241304397583,1782.5999755859375,75.16000366210938,4.85864865060148,4.61874544887136,34.007,0.59508785972345
2021-07-05,FTSE/JSE All Share,66323.7578125,66166.859375,66323.7578125,65638.953125,0,14.200530052185059,,,4.85864865060148,4.61874544887136,34.007,0.59508785972345
2021-07-06,FTSE/JSE All Share,66166.859375,65849.75,66471.328125,65831.2734375,0,14.240699768066406,1793.5,73.37000274658203,4.85864865060148,4.61874544887136,34.007,0.59508785972345
2021-07-07,FTSE/JSE All Share,65849.75,66806.359375,66967.1171875,65849.75,0,14.337030410766602,1801.5,72.19999694824219,4.85864865060148,4.61874544887136,34.007,0.59508785972345
2021-07-08,FTSE/JSE All Share,66806.359375,65243.5,66806.359375,65136.1796875,0,14.280179977416992,1799.5999755859375,72.94000244140625,4.85864865060148,4.61874544887136,34.007,0.59508785972345
2021-07-09,FTSE/JSE All Share,65243.5,66385.5703125,66399.71875,65243.5,0,14.262539863586426,1810.0,74.55999755859375,4.85864865060148,4.61874544887136,34.007,0.59508785972345
2021-07-12,FTSE/JSE All Share,66385.5703125,67293.328125,67293.328125,65881.6328125,0,14.22677993774414,1805.5,74.0999984741211,4.85864865060148,4.61874544887136,34.007,0.59508785972345
2021-07-13,FTSE/JSE All Share,67293.328125,67088.2734375,67605.796875,66828.5,0,14.365519523620605,1809.4000244140625,75.25,4.85864865060148,4.61874544887136,34.007,0.59508785972345
2021-07-14,FTSE/JSE All Share,67088.2734375,67897.6015625,68314.0703125,66984.03125,0,14.705220222473145,1824.300048828125,73.12999725341797,4.85864865060148,4.61874544887136,34.007,0.59508785972345
2021-07-15,FTSE/JSE All Share,67897.6015625,67538.609375,67991.703125,67313.671875,0,14.441499710083008,1828.4000244140625,71.6500015258789,4.85864865060148,4.61874544887136,34.007,0.59508785972345
2021-07-16,FTSE/JSE All Share,67538.609375,66529.53125,67702.6484375,66293.328125,0,14.535639762878418,1814.5,71.80999755859375,4.85864865060148,4.61874544887136,34.007,0.59508785972345
2021-07-19,FTSE/JSE All Share,66529.53125,64804.73828125,66529.53125,64556.671875,0,14.38949966430664,1808.699951171875,66.41999816894531,4.85864865060148,4.61874544887136,34.007,0.59508785972345
2021-07-20,FTSE/JSE All Share,64804.73828125,65724.6796875,65724.6796875,64804.73828125,0,14.530679702758789,1810.9000244140625,67.41999816894531,4.85864865060148,4.61874544887136,34.007,0.59508785972345
2021-07-21,FTSE/JSE All Share,65724.6796875,66558.4609375,66694.2734375,65693.171875,0,14.591569900512695,1802.9000244140625,70.30000305175781,4.85864865060148,4.61874544887136,34.007,0.59508785972345
2021-07-22,FTSE/JSE All Share,66558.4609375,67404.2734375,67479.7578125,66558.4609375,0,14.57448959350586,1805.0,71.91000366210938,4.85864865060148,4.61874544887136,34.007,0.59508785972345
2021-07-23,FTSE/JSE All Share,67404.2734375,68063.703125,68266.1484375,67404.2734375,0,14.697600364685059,1801.4000244140625,72.06999969482422,4.85864865060148,4.61874544887136,34.007,0.59508785972345
2021-07-26,FTSE/JSE All Share,68063.703125,68051.046875,68312.9921875,67530.59375,0,14.79343032836914,1798.699951171875,71.91000366210938,4.85864865060148,4.61874544887136,34.007,0.59508785972345
2021-07-27,FTSE/JSE All Share,68051.046875,67340.71875,68051.046875,66902.8984375,0,14.746520042419434,1799.5,71.6500015258789,4.85864865060148,4.61874544887136,34.007,0.59508785972345
2021-07-28,FTSE/JSE All Share,67340.71875,68525.5390625,68525.5390625,66946.6484375,0,14.758099555969238,1799.5,72.38999938964844,4.85864865060148,4.61874544887136,34.007,0.59508785972345
2021-07-29,FTSE/JSE All Share,68525.5390625,69565.2265625,69761.3828125,68525.5390625,0,14.719400405883789,1831.199951171875,73.62000274658203,4.85864865060148,4.61874544887136,34.007,0.59508785972345
2021-07-30,FTSE/JSE All Share,69565.2265625,68970.78125,69565.2265625,68534.109375,0,14.516799926757812,1812.5999755859375,73.94999694824219,4.85864865060148,4.61874544887136,34.007,0.59508785972345
2021-08-02,FTSE/JSE All Share,68970.78125,68822.75,69584.6015625,68822.75,0,14.598600387573242,1818.0999755859375,71.26000213623047,4.85864865060148,4.61874544887136,34.007,0.59508785972345
2021-08-03,FTSE/JSE All Share,68822.75,68705.7265625,68841.2734375,68337.703125,0,14.455599784851074,1810.0999755859375,70.55999755859375,4.85864865060148,4.61874544887136,34.007,0.59508785972345
2021-08-04,FTSE/JSE All Share,68705.7265625,68898.0390625,69281.84375,68639.640625,0,14.303600311279297,1810.5,68.1500015258789,4.85864865060148,4.61874544887136,34.007,0.59508785972345
2021-08-05,FTSE/JSE All Share,68898.0390625,68371.2265625,68898.0390625,68371.2265625,0,14.327730178833008,1805.0999755859375,69.08999633789062,4.85864865060148,4.61874544887136,34.007,0.59508785972345
2021-08-06,FTSE/JSE All Share,68371.2265625,68673.953125,68819.953125,68371.2265625,0,14.476420402526855,1760.0,68.27999877929688,4.85864865060148,4.61874544887136,34.007,0.59508785972345
2021-08-10,FTSE/JSE All Share,68673.953125,69602.0390625,69724.3828125,68673.953125,0,14.769000053405762,1728.800048828125,68.29000091552734,4.85864865060148,4.61874544887136,34.007,0.59508785972345
2021-08-11,FTSE/JSE All Share,69602.0390625,69617.15625,69813.78125,69361.078125,0,14.767849922180176,1750.4000244140625,69.25,4.85864865060148,4.61874544887136,34.007,0.59508785972345
2021-08-12,FTSE/JSE All Share,69617.15625,69401.953125,69617.15625,69025.796875,0,14.609199523925781,1749.0,69.08999633789062,4.85864865060148,4.61874544887136,34.007,0.59508785972345
2021-08-13,FTSE/JSE All Share,69401.953125,69384.7578125,69557.3203125,69215.2890625,0,14.75979995727539,1775.199951171875,68.44000244140625,4.85864865060148,4.61874544887136,34.007,0.59508785972345
2021-08-16,FTSE/JSE All Share,69384.7578125,68824.703125,69384.7578125,68634.609375,0,14.67140007019043,1786.9000244140625,67.29000091552734,4.85864865060148,4.61874544887136,34.007,0.59508785972345
2021-08-17,FTSE/JSE All Share,68824.703125,68939.84375,69490.390625,68673.6328125,0,14.808600425720215,1785.0,66.58999633789062,4.85864865060148,4.61874544887136,34.007,0.59508785972345
2021-08-18,FTSE/JSE All Share,68939.84375,67905.6796875,69136.1484375,67720.859375,0,14.87304973602295,1781.5999755859375,65.45999908447266,4.85864865060148,4.61874544887136,34.007,0.59508785972345
2021-08-19,FTSE/JSE All Share,67905.6796875,66113.4765625,67905.6796875,65883.3515625,0,14.933850288391113,1780.199951171875,63.689998626708984,4.85864865060148,4.61874544887136,34.007,0.59508785972345
2021-08-20,FTSE/JSE All Share,66113.4765625,66011.0625,66660.359375,65677.5078125,0,15.195699691772461,1781.0,62.31999969482422,4.85864865060148,4.61874544887136,34.007,0.59508785972345
2021-08-23,FTSE/JSE All Share,66011.0625,66829.2109375,67002.2578125,66011.0625,0,15.288350105285645,1803.199951171875,65.63999938964844,4.85864865060148,4.61874544887136,34.007,0.59508785972345
2021-08-24,FTSE/JSE All Share,66829.2109375,67451.5390625,67622.859375,66829.2109375,0,15.117899894714355,1805.5999755859375,67.54000091552734,4.85864865060148,4.61874544887136,34.007,0.59508785972345
2021-08-25,FTSE/JSE All Share,67451.5390625,67452.859375,67496.4375,67169.3125,0,14.979399681091309,1788.199951171875,68.36000061035156,4.85864865060148,4.61874544887136,34.007,0.59508785972345
2021-08-26,FTSE/JSE All Share,67452.859375,67068.7421875,67452.859375,66977.046875,0,14.921250343322754,1792.199951171875,67.41999816894531,4.85864865060148,4.61874544887136,34.007,0.59508785972345
2021-08-27,FTSE/JSE All Share,67068.7421875,67646.078125,67659.390625,67065.9609375,0,14.892900466918945,1816.5999755859375,68.73999786376953,4.85864865060148,4.61874544887136,34.007,0.59508785972345
2021-08-30,FTSE/JSE All Share,67646.078125,67064.6875,67764.921875,67042.3671875,0,14.705699920654297,1809.0,69.20999908447266,4.85864865060148,4.61874544887136,34.007,0.59508785972345
2021-08-31,FTSE/JSE All Share,67064.6875,67427.9296875,67645.3984375,67064.6875,0,14.623749732971191,1815.0,68.5,4.85864865060148,4.61874544887136,34.007,0.59508785972345
2021-09-01,FTSE/JSE All Share,67427.9296875,66976.046875,67893.7109375,66859.578125,0,14.48843002319336,1813.0999755859375,68.58999633789062,4.85864865060148,4.61874544887136,34.007,0.59508785972345
2021-09-02,FTSE/JSE All Share,66976.046875,66654.2421875,66976.046875,66357.1484375,0,14.367349624633789,1808.699951171875,69.98999786376953,4.85864865060148,4.61874544887136,34.007,0.59508785972345
2021-09-03,FTSE/JSE All Share,66654.2421875,66371.8515625,66972.8125,66188.140625,0,14.430800437927246,1830.9000244140625,69.29000091552734,4.85864865060148,4.61874544887136,34.007,0.59508785972345
2021-09-06,FTSE/JSE All Share,66371.8515625,66253.796875,66752.7578125,66020.2109375,0,14.296299934387207,,,4.85864865060148,4.61874544887136,34.007,0.59508785972345
2021-09-07,FTSE/JSE All Share,66253.796875,66514.90625,66698.7734375,66253.796875,0,14.219400405883789,1795.9000244140625,68.3499984741211,4.85864865060148,4.61874544887136,34.007,0.59508785972345
2021-09-08,FTSE/JSE All Share,66514.90625,65525.3515625,66514.90625,65445.6796875,0,14.265399932861328,1790.699951171875,69.30000305175781,4.85864865060148,4.61874544887136,34.007,0.59508785972345
2021-09-09,FTSE/JSE All Share,65525.3515625,64176.53125,65525.3515625,63993.80078125,0,14.155850410461426,1797.4000244140625,68.13999938964844,4.85864865060148,4.61874544887136,34.007,0.59508785972345
2021-09-10,FTSE/JSE All Share,64176.53125,64296.05859375,64682.48046875,64176.53125,0,14.189900398254395,1789.5999755859375,69.72000122070312,4.85864865060148,4.61874544887136,34.007,0.59508785972345
2021-09-13,FTSE/JSE All Share,64296.05859375,64652.3203125,64841.390625,64055.7109375,0,14.164999961853027,1792.0,70.44999694824219,4.85864865060148,4.61874544887136,34.007,0.59508785972345
2021-09-14,FTSE/JSE All Share,64652.3203125,64300.4609375,64652.3203125,63929.69140625,0,14.10949993133545,1804.699951171875,70.45999908447266,4.85864865060148,4.61874544887136,34.007,0.59508785972345
2021-09-15,FTSE/JSE All Share,64300.4609375,64385.12890625,64470.48828125,63840.8984375,0,14.323399543762207,1792.4000244140625,72.61000061035156,4.85864865060148,4.61874544887136,34.007,0.59508785972345
2021-09-16,FTSE/JSE All Share,64385.12890625,63313.75,64385.12890625,63148.921875,0,14.363300323486328,1754.5999755859375,72.61000061035156,4.85864865060148,4.61874544887136,34.007,0.59508785972345
2021-09-17,FTSE/JSE All Share,63313.75,62863.640625,63628.828125,62863.640625,0,14.574549674987793,1749.4000244140625,71.97000122070312,4.85864865060148,4.61874544887136,34.007,0.59508785972345
2021-09-20,FTSE/JSE All Share,62863.640625,61453.421875,62863.640625,60894.30078125,0,14.740050315856934,1761.800048828125,70.29000091552734,4.85864865060148,4.61874544887136,34.007,0.59508785972345
2021-09-21,FTSE/JSE All Share,61453.421875,62362.1796875,62660.4609375,61453.421875,0,14.755200386047363,1776.0,70.55999755859375,4.85864865060148,4.61874544887136,34.007,0.59508785972345
2021-09-22,FTSE/JSE All Share,62362.1796875,63353.05078125,63559.6015625,62362.1796875,0,14.845499992370605,1776.699951171875,72.2300033569336,4.85864865060148,4.61874544887136,34.007,0.59508785972345
2021-09-23,FTSE/JSE All Share,63353.05078125,64049.05078125,64086.96875,63353.05078125,0,14.771499633789062,1747.699951171875,73.30000305175781,4.85864865060148,4.61874544887136,34.007,0.59508785972345
2021-09-27,FTSE/JSE All Share,64049.05078125,64197.359375,64664.8515625,64049.05078125,0,14.917810440063477,1750.0,75.44999694824219,4.85864865060148,4.61874544887136,34.007,0.59508785972345
2021-09-28,FTSE/JSE All Share,64197.359375,63784.41015625,64330.98828125,63551.6484375,0,14.92158031463623,1735.800048828125,75.29000091552734,4.85864865060148,4.61874544887136,34.007,0.59508785972345
2021-09-29,FTSE/JSE All Share,63784.41015625,64363.66015625,64363.66015625,63730.2890625,0,15.090800285339355,1721.5,74.83000183105469,4.85864865060148,4.61874544887136,34.007,0.59508785972345
2021-09-30,FTSE/JSE All Share,64363.66015625,64281.76953125,64726.30078125,64278.05078125,0,15.14330005645752,1755.300048828125,75.02999877929688,4.85864865060148,4.61874544887136,34.007,0.59508785972345
2021-10-01,FTSE/JSE All Share,64281.76953125,63661.01953125,64281.76953125,63617.390625,0,15.071700096130371,1757.0,75.87999725341797,4.85864865060148,4.61874544887136,34.007,0.59508785972345
2021-10-04,FTSE/JSE All Share,63661.01953125,64129.0,64303.4296875,63463.8203125,0,14.844799995422363,1766.199951171875,77.62000274658203,4.85864865060148,4.61874544887136,34.007,0.59508785972345
2021-10-05,FTSE/JSE All Share,64129.0,64542.87109375,64574.28125,63956.8515625,0,15.028200149536133,1759.5999755859375,78.93000030517578,4.85864865060148,4.61874544887136,34.007,0.59508785972345
2021-10-06,FTSE/JSE All Share,64542.87109375,63987.01953125,64542.87109375,63442.83984375,0,14.985819816589355,1760.5,77.43000030517578,4.85864865060148,4.61874544887136,34.007,0.59508785972345
2021-10-07,FTSE/JSE All Share,63987.01953125,65157.75,65250.80078125,63987.01953125,0,14.945099830627441,1757.9000244140625,78.30000305175781,4.85864865060148,4.61874544887136,34.007,0.59508785972345
2021-10-08,FTSE/JSE All Share,65157.75,65242.609375,65610.390625,65113.359375,0,14.937399864196777,1756.300048828125,79.3499984741211,4.85864865060148,4.61874544887136,34.007,0.59508785972345
2021-10-11,FTSE/JSE All Share,65242.609375,66101.0390625,66375.0703125,65242.609375,0,14.902600288391113,1754.5999755859375,80.5199966430664,4.85864865060148,4.61874544887136,34.007,0.59508785972345
2021-10-12,FTSE/JSE All Share,66101.0390625,65988.1171875,66180.3828125,65498.03125,0,15.052399635314941,1758.300048828125,80.63999938964844,4.85864865060148,4.61874544887136,34.007,0.59508785972345
2021-10-13,FTSE/JSE All Share,65988.1171875,66012.78125,66012.78125,65534.1015625,0,14.956100463867188,1793.699951171875,80.44000244140625,4.85864865060148,4.61874544887136,34.007,0.59508785972345
2021-10-14,FTSE/JSE All Share,66012.78125,66846.171875,66928.390625,66012.78125,0,14.768899917602539,1796.699951171875,81.30999755859375,4.85864865060148,4.61874544887136,34.007,0.59508785972345
2021-10-15,FTSE/JSE All Share,66846.171875,67028.859375,67226.25,66837.890625,0,14.760299682617188,1767.199951171875,82.27999877929688,4.85864865060148,4.61874544887136,34.007,0.59508785972345
2021-10-18,FTSE/JSE All Share,67028.859375,66792.1015625,67176.8515625,66703.828125,0,14.57919979095459,1764.800048828125,82.44000244140625,4.85864865060148,4.61874544887136,34.007,0.59508785972345
2021-10-19,FTSE/JSE All Share,66792.1015625,66776.1484375,67249.15625,66675.7265625,0,14.66450023651123,1769.699951171875,82.95999908447266,4.85864865060148,4.61874544887136,34.007,0.59508785972345
2021-10-20,FTSE/JSE All Share,66776.1484375,66894.7890625,66949.6171875,66347.9765625,0,14.485210418701172,1784.0999755859375,83.87000274658203,4.85864865060148,4.61874544887136,34.007,0.59508785972345
2021-10-21,FTSE/JSE All Share,66894.7890625,66057.578125,66894.7890625,65942.7109375,0,14.377120018005371,1781.199951171875,82.5,4.85864865060148,4.61874544887136,34.007,0.59508785972345
2021-10-22,FTSE/JSE All Share,66057.578125,67050.5234375,67201.84375,66057.578125,0,14.647299766540527,1795.5,83.76000213623047,4.85864865060148,4.61874544887136,34.007,0.59508785972345
2021-10-25,FTSE/JSE All Share,67050.5234375,66980.453125,67323.890625,66937.078125,0,14.8125,1806.0,83.76000213623047,4.85864865060148,4.61874544887136,34.007,0.59508785972345
2021-10-26,FTSE/JSE All Share,66980.453125,67615.3125,67774.2265625,66879.9375,0,14.695099830627441,1792.699951171875,84.6500015258789,4.85864865060148,4.61874544887136,34.007,0.59508785972345
2021-10-27,FTSE/JSE All Share,67615.3125,67475.09375,67615.4375,67159.859375,0,14.810680389404297,1797.9000244140625,82.66000366210938,4.85864865060148,4.61874544887136,34.007,0.59508785972345
2021-10-28,FTSE/JSE All Share,67475.09375,67759.7578125,68015.4609375,67475.09375,0,15.05620002746582,1801.5999755859375,82.80999755859375,4.85864865060148,4.61874544887136,34.007,0.59508785972345
2021-10-29,FTSE/JSE All Share,67759.7578125,67464.6875,67975.640625,67338.6015625,0,15.108960151672363,1783.0,83.56999969482422,4.85864865060148,4.61874544887136,34.007,0.59508785972345
2021-11-02,FTSE/JSE All Share,67464.6875,67782.203125,68079.8515625,67464.6875,0,15.396109580993652,1788.699951171875,83.91000366210938,4.85864865060148,4.61874544887136,34.007,0.59508785972345
2021-11-03,FTSE/JSE All Share,67782.203125,68587.2734375,68587.2734375,67782.203125,0,15.413200378417969,1763.5999755859375,80.86000061035156,4.85864865060148,4.61874544887136,34.007,0.59508785972345
2021-11-04,FTSE/JSE All Share,68587.2734375,68156.2109375,69105.6015625,68156.2109375,0,15.21310043334961,1793.0,78.80999755859375,4.85864865060148,4.61874544887136,34.007,0.59508785972345
2021-11-05,FTSE/JSE All Share,68156.2109375,67825.34375,68712.9609375,67738.7578125,0,15.199600219726562,1816.4000244140625,81.2699966430664,4.85864865060148,4.61874544887136,34.007,0.59508785972345
2021-11-08,FTSE/JSE All Share,67825.34375,68049.34375,68264.1484375,67656.6328125,0,15.022760391235352,1827.4000244140625,81.93000030517578,4.85864865060148,4.61874544887136,34.007,0.59508785972345
2021-11-09,FTSE/JSE All Share,68049.34375,67983.203125,68292.7265625,67710.84375,0,14.906499862670898,1830.199951171875,84.1500015258789,4.85864865060148,4.61874544887136,34.007,0.59508785972345
2021-11-10,FTSE/JSE All Share,67983.203125,68279.3984375,68478.703125,67648.7421875,0,15.00529956817627,1847.5999755859375,81.33999633789062,4.85864865060148,4.61874544887136,34.007,0.59508785972345
2021-11-11,FTSE/JSE All Share,68279.3984375,69131.5625,69322.3828125,68279.3984375,0,15.417699813842773,1863.199951171875,81.58999633789062,4.85864865060148,4.61874544887136,34.007,0.59508785972345
2021-11-12,FTSE/JSE All Share,69131.5625,69921.3671875,69995.3984375,69131.5625,0,15.294300079345703,1867.9000244140625,80.79000091552734,4.85864865060148,4.61874544887136,34.007,0.59508785972345
2021-11-15,FTSE/JSE All Share,69921.3671875,70090.5390625,70327.046875,69638.921875,0,15.299099922180176,1866.0999755859375,80.87999725341797,4.85864865060148,4.61874544887136,34.007,0.59508785972345
2021-11-16,FTSE/JSE All Share,70090.5390625,70938.40625,71049.0703125,70090.5390625,0,15.20259952545166,1853.5999755859375,80.76000213623047,4.85864865060148,4.61874544887136,34.007,0.59508785972345
2021-11-17,FTSE/JSE All Share,70938.40625,70942.34375,71447.7109375,70886.2578125,0,15.477499961853027,1869.699951171875,78.36000061035156,4.85864865060148,4.61874544887136,34.007,0.59508785972345
2021-11-18,FTSE/JSE All Share,70942.34375,70866.5703125,71084.15625,70638.53125,0,15.475700378417969,1861.0,79.01000213623047,4.85864865060148,4.61874544887136,34.007,0.59508785972345
2021-11-19,FTSE/JSE All Share,70866.5703125,70376.421875,71292.25,70104.1484375,0,15.630800247192383,1851.199951171875,76.0999984741211,4.85864865060148,4.61874544887136,34.007,0.59508785972345
2021-11-22,FTSE/JSE All Share,70376.421875,70865.8515625,70990.7265625,70376.421875,0,15.694600105285645,1806.0,76.75,4.85864865060148,4.61874544887136,34.007,0.59508785972345
2021-11-23,FTSE/JSE All Share,70865.8515625,71015.3984375,71079.4921875,70422.359375,0,15.842900276184082,1783.5,78.5,4.85864865060148,4.61874544887136,34.007,0.59508785972345
2021-11-24,FTSE/JSE All Share,71015.3984375,70558.890625,71235.2109375,70264.71875,0,15.821040153503418,1784.0999755859375,78.38999938964844,4.85864865060148,4.61874544887136,34.007,0.59508785972345
2021-11-25,FTSE/JSE All Share,70558.890625,70554.6796875,70929.6328125,70389.5,0,15.847800254821777,,,4.85864865060148,4.61874544887136,34.007,0.59508785972345
2021-11-26,FTSE/JSE All Share,70554.6796875,68614.9765625,70554.6796875,68523.6875,0,16.118999481201172,1785.300048828125,68.1500015258789,4.85864865060148,4.61874544887136,34.007,0.59508785972345
2021-11-29,FTSE/JSE All Share,68614.9765625,70008.5390625,70287.546875,68614.9765625,0,16.09939956665039,1782.300048828125,69.94999694824219,4.85864865060148,4.61874544887136,34.007,0.59508785972345
2021-11-30,FTSE/JSE All Share,70008.5390625,70475.0234375,70639.328125,69537.828125,0,16.103120803833008,1773.5999755859375,66.18000030517578,4.85864865060148,4.61874544887136,34.007,0.59508785972345
2021-12-01,FTSE/JSE All Share,70475.0234375,71198.078125,71251.421875,70475.0234375,0,15.860010147094727,1781.5999755859375,65.56999969482422,4.85864865060148,4.61874544887136,34.007,0.59508785972345
2021-12-02,FTSE/JSE All Share,71198.078125,71020.7578125,71512.546875,70651.3125,0,16.0137996673584,1760.699951171875,66.5,4.85864865060148,4.61874544887136,34.007,0.59508785972345
2021-12-03,FTSE/JSE All Share,71020.7578125,70807.6015625,71579.0625,70807.6015625,0,15.914899826049805,1782.0,66.26000213623047,4.85864865060148,4.61874544887136,34.007,0.59508785972345
2021-12-06,FTSE/JSE All Share,70807.6015625,71016.6328125,71242.4375,70763.90625,0,16.024999618530273,1777.5,69.48999786376953,4.85864865060148,4.61874544887136,34.007,0.59508785972345
2021-12-07,FTSE/JSE All Share,71016.6328125,72939.25,72954.8671875,71016.6328125,0,15.897100448608398,1782.5999755859375,72.05000305175781,4.85864865060148,4.61874544887136,34.007,0.59508785972345
2021-12-08,FTSE/JSE All Share,72939.25,72403.8828125,73048.0625,72203.5078125,0,15.836299896240234,1783.4000244140625,72.36000061035156,4.85864865060148,4.61874544887136,34.007,0.59508785972345
2021-12-09,FTSE/JSE All Share,72403.8828125,72207.640625,72577.34375,71935.796875,0,15.665749549865723,1774.5999755859375,70.94000244140625,4.85864865060148,4.61874544887136,34.007,0.59508785972345
2021-12-10,FTSE/JSE All Share,72207.640625,71686.328125,72345.3984375,71664.7109375,0,15.936300277709961,1782.9000244140625,71.66999816894531,4.85864865060148,4.61874544887136,34.007,0.59508785972345
2021-12-13,FTSE/JSE All Share,71686.328125,71429.8828125,72429.546875,71401.5,0,15.949959754943848,1786.300048828125,71.29000091552734,4.85864865060148,4.61874544887136,34.007,0.59508785972345
2021-12-14,FTSE/JSE All Share,71429.8828125,71544.8203125,71765.296875,71264.2109375,0,15.997099876403809,1770.4000244140625,70.7300033569336,4.85864865060148,4.61874544887136,34.007,0.59508785972345
2021-12-15,FTSE/JSE All Share,71544.8203125,71467.171875,72082.078125,71354.3203125,0,16.076499938964844,1762.5999755859375,70.87000274658203,4.85864865060148,4.61874544887136,34.007,0.59508785972345
2021-12-17,FTSE/JSE All Share,71467.171875,71203.1328125,72357.2265625,71203.1328125,0,15.924500465393066,1803.800048828125,70.86000061035156,4.85864865060148,4.61874544887136,34.007,0.59508785972345
2021-12-20,FTSE/JSE All Share,71203.1328125,70087.6328125,71203.1328125,69473.671875,0,15.904500007629395,1793.699951171875,68.2300033569336,4.85864865060148,4.61874544887136,34.007,0.59508785972345
2021-12-21,FTSE/JSE All Share,70087.6328125,71119.359375,71341.203125,70087.6328125,0,15.74370002746582,1787.9000244140625,71.12000274658203,4.85864865060148,4.61874544887136,34.007,0.59508785972345
2021-12-22,FTSE/JSE All Share,71119.359375,71359.0390625,71642.2734375,71092.140625,0,15.828700065612793,1801.5999755859375,72.76000213623047,4.85864865060148,4.61874544887136,34.007,0.59508785972345
2021-12-23,FTSE/JSE All Share,71359.0390625,71684.1015625,72052.609375,71359.0390625,0,15.704700469970703,1811.199951171875,73.79000091552734,4.85864865060148,4.61874544887136,34.007,0.59508785972345
2021-12-24,FTSE/JSE All Share,71684.1015625,71570.640625,71859.5390625,71570.640625,0,15.621870040893555,,,4.85864865060148,4.61874544887136,34.007,0.59508785972345
2021-12-28,FTSE/JSE All Share,71570.640625,72444.5234375,72599.4765625,71568.4296875,0,15.525400161743164,1810.199951171875,75.9800033569336,4.85864865060148,4.61874544887136,34.007,0.59508785972345
2021-12-29,FTSE/JSE All Share,72444.5234375,73238.0078125,73285.03125,72311.65625,0,15.731579780578613,1805.0999755859375,76.55999755859375,4.85864865060148,4.61874544887136,34.007,0.59508785972345
2021-12-30,FTSE/JSE All Share,73238.0078125,73786.453125,73822.9296875,73238.0078125,0,15.909749984741211,1812.699951171875,76.98999786376953,4.85864865060148,4.61874544887136,34.007,0.59508785972345
2021-12-31,FTSE/JSE All Share,73786.453125,73709.390625,73881.5625,73419.8203125,0,15.889100074768066,1827.5,75.20999908447266,4.85864865060148,4.61874544887136,34.007,0.59508785972345
2022-01-03,FTSE/JSE All Share,73709.390625,73722.6015625,74290.9296875,73638.71875,0,15.929900169372559,1799.4000244140625,76.08000183105469,2.05813661692193,7.03987272546482,33.268,3.37387624023208
2022-01-04,FTSE/JSE All Share,73722.6015625,75052.0625,75052.0625,73722.6015625,0,15.861499786376953,1814.0,76.98999786376953,2.05813661692193,7.03987272546482,33.268,3.37387624023208
2022-01-05,FTSE/JSE All Share,75052.0625,75060.921875,75084.140625,74508.9765625,0,15.999119758605957,1824.5999755859375,77.8499984741211,2.05813661692193,7.03987272546482,33.268,3.37387624023208
2022-01-06,FTSE/JSE All Share,75060.921875,74165.25,75060.921875,74025.5,0,15.850629806518555,1788.699951171875,79.45999908447266,2.05813661692193,7.03987272546482,33.268,3.37387624023208
2022-01-07,FTSE/JSE All Share,74165.25,73939.7109375,74348.6796875,73757.28125,0,15.69729995727539,1797.0,78.9000015258789,2.05813661692193,7.03987272546482,33.268,3.37387624023208
2022-01-10,FTSE/JSE All Share,73939.7109375,73830.46875,74405.1484375,73830.46875,0,15.547329902648926,1798.4000244140625,78.2300033569336,2.05813661692193,7.03987272546482,33.268,3.37387624023208
2022-01-11,FTSE/JSE All Share,73830.46875,73971.4296875,74522.0625,73830.46875,0,15.659299850463867,1818.5999755859375,81.22000122070312,2.05813661692193,7.03987272546482,33.268,3.37387624023208
2022-01-12,FTSE/JSE All Share,73971.4296875,75884.75,75897.4921875,73971.4296875,0,15.488479614257812,1827.199951171875,82.63999938964844,2.05813661692193,7.03987272546482,33.268,3.37387624023208
2022-01-13,FTSE/JSE All Share,75884.75,75925.546875,75925.546875,75330.6015625,0,15.279669761657715,1821.199951171875,82.12000274658203,2.05813661692193,7.03987272546482,33.268,3.37387624023208
2022-01-14,FTSE/JSE All Share,75925.546875,75160.2109375,75925.546875,74950.5078125,0,15.394599914550781,1816.5,83.81999969482422,2.05813661692193,7.03987272546482,33.268,3.37387624023208
2022-01-17,FTSE/JSE All Share,75160.2109375,75593.46875,75609.703125,75111.6875,0,15.318750381469727,,,2.05813661692193,7.03987272546482,33.268,3.37387624023208
2022-01-18,FTSE/JSE All Share,75593.46875,74955.65625,75593.46875,74606.0234375,0,15.32960033416748,1812.300048828125,85.43000030517578,2.05813661692193,7.03987272546482,33.268,3.37387624023208
2022-01-19,FTSE/JSE All Share,74955.65625,76176.1484375,76176.1484375,74955.65625,0,15.487099647521973,1843.0999755859375,86.95999908447266,2.05813661692193,7.03987272546482,33.268,3.37387624023208
2022-01-20,FTSE/JSE All Share,76176.1484375,76233.2578125,76771.078125,75759.1171875,0,15.29738998413086,1842.5,86.9000015258789,2.05813661692193,7.03987272546482,33.268,3.37387624023208
2022-01-21,FTSE/JSE All Share,76233.2578125,74834.5234375,76233.2578125,74651.3203125,0,15.215700149536133,1831.800048828125,85.13999938964844,2.05813661692193,7.03987272546482,33.268,3.37387624023208
2022-01-24,FTSE/JSE All Share,74834.5234375,72164.0234375,74834.5234375,72164.0234375,0,15.062060356140137,1841.699951171875,83.30999755859375,2.05813661692193,7.03987272546482,33.268,3.37387624023208
2022-01-25,FTSE/JSE All Share,72164.0234375,72314.8125,73137.21875,72164.0234375,0,15.229999542236328,1852.699951171875,85.5999984741211,2.05813661692193,7.03987272546482,33.268,3.37387624023208
2022-01-26,FTSE/JSE All Share,72314.8125,73797.328125,73863.171875,72314.8125,0,15.237500190734863,1829.9000244140625,87.3499984741211,2.05813661692193,7.03987272546482,33.268,3.37387624023208
2022-01-27,FTSE/JSE All Share,73797.328125,73504.0390625,73797.328125,72244.078125,0,15.292719841003418,1793.300048828125,86.61000061035156,2.05813661692193,7.03987272546482,33.268,3.37387624023208
2022-01-28,FTSE/JSE All Share,73504.0390625,73454.9609375,74015.15625,72856.6171875,0,15.430660247802734,1784.9000244140625,86.81999969482422,2.05813661692193,7.03987272546482,33.268,3.37387624023208
2022-01-31,FTSE/JSE All Share,73454.9609375,74304.5625,74905.7109375,73454.9609375,0,15.582269668579102,1795.0,88.1500015258789,2.05813661692193,7.03987272546482,33.268,3.37387624023208
2022-02-01,FTSE/JSE All Share,74304.5625,74889.171875,75258.453125,74304.5625,0,15.342020034790039,1800.300048828125,88.19999694824219,2.05813661692193,7.03987272546482,33.268,3.37387624023208
2022-02-02,FTSE/JSE All Share,74889.171875,75190.7421875,75672.046875,74889.171875,0,15.234999656677246,1809.199951171875,88.26000213623047,2.05813661692193,7.03987272546482,33.268,3.37387624023208
2022-02-03,FTSE/JSE All Share,75190.7421875,75021.671875,75777.8125,75006.65625,0,15.306610107421875,1803.0,90.2699966430664,2.05813661692193,7.03987272546482,33.268,3.37387624023208
2022-02-04,FTSE/JSE All Share,75021.671875,75206.0,75528.46875,74766.3828125,0,15.231550216674805,1806.5999755859375,92.30999755859375,2.05813661692193,7.03987272546482,33.268,3.37387624023208
2022-02-07,FTSE/JSE All Share,75206.0,75679.5625,75851.171875,75101.328125,0,15.415300369262695,1820.5999755859375,91.31999969482422,2.05813661692193,7.03987272546482,33.268,3.37387624023208
2022-02-08,FTSE/JSE All Share,75679.5625,76090.5234375,76583.1328125,75679.5625,0,15.485899925231934,1826.5999755859375,89.36000061035156,2.05813661692193,7.03987272546482,33.268,3.37387624023208
2022-02-09,FTSE/JSE All Share,76090.5234375,76690.921875,77050.78125,76090.5234375,0,15.321149826049805,1835.199951171875,89.66000366210938,2.05813661692193,7.03987272546482,33.268,3.37387624023208
2022-02-10,FTSE/JSE All Share,76690.921875,76585.1875,77206.46875,76159.28125,0,15.205599784851074,1836.199951171875,89.87999725341797,2.05813661692193,7.03987272546482,33.268,3.37387624023208
2022-02-11,FTSE/JSE All Share,76585.1875,76382.953125,76585.1875,75659.6015625,0,15.154999732971191,1840.800048828125,93.0999984741211,2.05813661692193,7.03987272546482,33.268,3.37387624023208
2022-02-14,FTSE/JSE All Share,76382.953125,75765.15625,76529.2109375,75495.9609375,0,15.202779769897461,1868.0,95.45999908447266,2.05813661692193,7.03987272546482,33.268,3.37387624023208
2022-02-15,FTSE/JSE All Share,75765.15625,75853.15625,76397.359375,75708.078125,0,15.077569961547852,1854.800048828125,92.06999969482422,2.05813661692193,7.03987272546482,33.268,3.37387624023208
2022-02-16,FTSE/JSE All Share,75853.15625,76502.59375,76752.1015625,75853.15625,0,15.092399597167969,1870.199951171875,93.66000366210938,2.05813661692193,7.03987272546482,33.268,3.37387624023208
2022-02-17,FTSE/JSE All Share,76502.59375,76154.6875,76919.0078125,75974.1171875,0,15.001199722290039,1900.699951171875,91.76000213623047,2.05813661692193,7.03987272546482,33.268,3.37387624023208
2022-02-18,FTSE/JSE All Share,76154.6875,76368.34375,76461.7578125,75922.3671875,0,14.996399879455566,1898.5999755859375,91.06999969482422,2.05813661692193,7.03987272546482,33.268,3.37387624023208
2022-02-21,FTSE/JSE All Share,76368.34375,75528.4609375,76708.8828125,75464.8203125,0,15.110179901123047,,,2.05813661692193,7.03987272546482,33.268,3.37387624023208
2022-02-22,FTSE/JSE All Share,75528.4609375,75653.84375,75653.84375,74235.390625,0,15.137499809265137,1906.0999755859375,92.3499984741211,2.05813661692193,7.03987272546482,33.268,3.37387624023208
2022-02-23,FTSE/JSE All Share,75653.84375,74987.046875,75653.84375,74769.0625,0,15.05780029296875,1909.199951171875,92.0999984741211,2.05813661692193,7.03987272546482,33.268,3.37387624023208
2022-02-24,FTSE/JSE All Share,74987.046875,73697.109375,74987.046875,73350.3125,0,15.093500137329102,1925.0999755859375,92.80999755859375,2.05813661692193,7.03987272546482,33.268,3.37387624023208
2022-02-25,FTSE/JSE All Share,73697.109375,74205.6875,74251.796875,73389.90625,0,15.334150314331055,1886.5,91.58999633789062,2.05813661692193,7.03987272546482,33.268,3.37387624023208
2022-02-28,FTSE/JSE All Share,74205.6875,76090.5078125,76090.5078125,74205.6875,0,15.35280990600586,1899.4000244140625,95.72000122070312,2.05813661692193,7.03987272546482,33.268,3.37387624023208
2022-03-01,FTSE/JSE All Share,76090.5078125,77110.6875,77306.890625,76090.5078125,0,15.326199531555176,1942.4000244140625,103.41000366210938,2.05813661692193,7.03987272546482,33.268,3.37387624023208
2022-03-02,FTSE/JSE All Share,77110.6875,77536.1171875,77728.296875,76852.109375,0,15.395999908447266,1920.9000244140625,110.5999984741211,2.05813661692193,7.03987272546482,33.268,3.37387624023208
2022-03-03,FTSE/JSE All Share,77536.1171875,77390.8515625,78297.3828125,77339.203125,0,15.290200233459473,1934.4000244140625,107.66999816894531,2.05813661692193,7.03987272546482,33.268,3.37387624023208
2022-03-04,FTSE/JSE All Share,77390.8515625,74734.3671875,77390.8515625,74015.3671875,0,15.168230056762695,1965.0999755859375,115.68000030517578,2.05813661692193,7.03987272546482,33.268,3.37387624023208
2022-03-07,FTSE/JSE All Share,74734.3671875,73295.8828125,74793.34375,73295.8828125,0,15.297900199890137,1993.9000244140625,119.4000015258789,2.05813661692193,7.03987272546482,33.268,3.37387624023208
2022-03-08,FTSE/JSE All Share,73295.8828125,72398.6171875,73295.8828125,72060.671875,0,15.336600303649902,2040.0999755859375,123.69999694824219,2.05813661692193,7.03987272546482,33.268,3.37387624023208
2022-03-09,FTSE/JSE All Share,72398.6171875,72684.8203125,73382.8125,72398.6171875,0,15.272100448608398,1985.9000244140625,108.69999694824219,2.05813661692193,7.03987272546482,33.268,3.37387624023208
2022-03-10,FTSE/JSE All Share,72684.8203125,73889.40625,73889.40625,72684.8203125,0,15.009699821472168,1998.0999755859375,106.0199966430664,2.05813661692193,7.03987272546482,33.268,3.37387624023208
2022-03-11,FTSE/JSE All Share,73889.40625,73685.890625,74680.78125,73667.609375,0,15.02258014678955,1982.699951171875,109.33000183105469,2.05813661692193,7.03987272546482,33.268,3.37387624023208
2022-03-14,FTSE/JSE All Share,73685.890625,71903.71875,73685.890625,71470.671875,0,15.0,1959.5999755859375,103.01000213623047,2.05813661692193,7.03987272546482,33.268,3.37387624023208
2022-03-15,FTSE/JSE All Share,71903.71875,70628.203125,71903.71875,69556.9921875,0,15.092949867248535,1928.5,96.44000244140625,2.05813661692193,7.03987272546482,33.268,3.37387624023208
2022-03-16,FTSE/JSE All Share,70628.203125,73484.296875,73484.296875,70628.203125,0,15.087400436401367,1908.0,95.04000091552734,2.05813661692193,7.03987272546482,33.268,3.37387624023208
2022-03-17,FTSE/JSE All Share,73484.296875,74124.2734375,74437.53125,73484.296875,0,14.906200408935547,1942.0999755859375,102.9800033569336,2.05813661692193,7.03987272546482,33.268,3.37387624023208
2022-03-18,FTSE/JSE All Share,74124.2734375,74847.6328125,74921.53125,74124.2734375,0,14.904399871826172,1928.199951171875,104.69999694824219,2.05813661692193,7.03987272546482,33.268,3.37387624023208
2022-03-22,FTSE/JSE All Share,74847.6328125,75751.40625,75998.96875,74847.6328125,0,14.898750305175781,1920.699951171875,111.76000213623047,2.05813661692193,7.03987272546482,33.268,3.37387624023208
2022-03-23,FTSE/JSE All Share,75751.40625,74838.09375,76084.609375,74781.7421875,0,14.803999900817871,1936.5999755859375,114.93000030517578,2.05813661692193,7.03987272546482,33.268,3.37387624023208
2022-03-24,FTSE/JSE All Share,74838.09375,74349.9375,75408.2421875,74304.8203125,0,14.730600357055664,1961.5999755859375,112.33999633789062,2.05813661692193,7.03987272546482,33.268,3.37387624023208
2022-03-25,FTSE/JSE All Share,74349.9375,74324.671875,74642.21875,74111.0390625,0,14.485679626464844,1953.800048828125,113.9000015258789,2.05813661692193,7.03987272546482,33.268,3.37387624023208
2022-03-28,FTSE/JSE All Share,74324.671875,74194.3515625,74608.078125,73949.296875,0,14.553589820861816,1939.5999755859375,105.95999908447266,2.05813661692193,7.03987272546482,33.268,3.37387624023208
2022-03-29,FTSE/JSE All Share,74194.3515625,74776.390625,75001.4375,74194.3515625,0,14.650400161743164,1912.0,104.23999786376953,2.05813661692193,7.03987272546482,33.268,3.37387624023208
2022-03-30,FTSE/JSE All Share,74776.390625,75425.3125,75425.3125,74606.3984375,0,14.502900123596191,1933.5,107.81999969482422,2.05813661692193,7.03987272546482,33.268,3.37387624023208
2022-03-31,FTSE/JSE All Share,75425.3125,75497.1484375,75518.9609375,74766.140625,0,14.482199668884277,1949.199951171875,100.27999877929688,2.05813661692193,7.03987272546482,33.268,3.37387624023208
2022-04-01,FTSE/JSE All Share,75497.1484375,75907.8984375,75959.9609375,74758.7734375,0,14.595399856567383,1919.0999755859375,99.2699966430664,2.05813661692193,7.03987272546482,33.268,3.37387624023208
2022-04-04,FTSE/JSE All Share,75907.8984375,75835.0703125,76361.421875,75822.9609375,0,14.650199890136719,1929.199951171875,103.27999877929688,2.05813661692193,7.03987272546482,33.268,3.37387624023208
2022-04-05,FTSE/JSE All Share,75835.21875,75286.609375,75835.21875,75097.171875,0,14.574199676513672,1922.9000244140625,101.95999908447266,2.05813661692193,7.03987272546482,33.268,3.37387624023208
2022-04-06,FTSE/JSE All Share,75286.609375,74359.03125,75290.640625,74028.75,0,14.671600341796875,1918.4000244140625,96.2300033569336,2.05813661692193,7.03987272546482,33.268,3.37387624023208
2022-04-07,FTSE/JSE All Share,74359.03125,74008.0703125,74403.5390625,73792.5625,0,14.677200317382812,1933.800048828125,96.02999877929688,2.05813661692193,7.03987272546482,33.268,3.37387624023208
2022-04-08,FTSE/JSE All Share,74008.0703125,74776.109375,74911.40625,74008.0703125,0,14.722200393676758,1941.5999755859375,98.26000213623047,2.05813661692193,7.03987272546482,33.268,3.37387624023208
2022-04-11,FTSE/JSE All Share,74776.109375,74426.3984375,74776.109375,74157.078125,0,14.63539981842041,1944.300048828125,94.29000091552734,2.05813661692193,7.03987272546482,33.268,3.37387624023208
2022-04-12,FTSE/JSE All Share,74426.3984375,73801.8828125,74468.046875,73405.09375,0,14.551859855651855,1972.0999755859375,100.5999984741211,2.05813661692193,7.03987272546482,33.268,3.37387624023208
2022-04-13,FTSE/JSE All Share,73801.8828125,73128.6484375,74003.796875,72924.7109375,0,14.514389991760254,1981.0,104.25,2.05813661692193,7.03987272546482,33.268,3.37387624023208
2022-04-14,FTSE/JSE All Share,73128.6484375,73382.828125,73753.3828125,73128.6484375,0,14.531299591064453,1970.9000244140625,106.94999694824219,2.05813661692193,7.03987272546482,33.268,3.37387624023208
2022-04-19,FTSE/JSE All Share,73382.828125,73830.2734375,74108.9375,73382.828125,0,14.654000282287598,1955.699951171875,102.55999755859375,2.05813661692193,7.03987272546482,33.268,3.37387624023208
2022-04-20,FTSE/JSE All Share,73830.2734375,73783.4296875,74205.4765625,73480.828125,0,14.960200309753418,1952.300048828125,102.75,2.05813661692193,7.03987272546482,33.268,3.37387624023208
2022-04-21,FTSE/JSE All Share,73783.4296875,73350.9375,73899.859375,73181.640625,0,15.0246000289917,1944.9000244140625,103.79000091552734,2.05813661692193,7.03987272546482,33.268,3.37387624023208
2022-04-22,FTSE/JSE All Share,73350.9375,72264.8984375,73350.9375,72238.9921875,0,15.35912036895752,1931.0,102.06999969482422,2.05813661692193,7.03987272546482,33.268,3.37387624023208
2022-04-25,FTSE/JSE All Share,72264.8984375,69750.671875,72264.8984375,69692.6015625,0,15.569540023803711,1893.199951171875,98.54000091552734,2.05813661692193,7.03987272546482,33.268,3.37387624023208
2022-04-26,FTSE/JSE All Share,69750.671875,70264.109375,70995.171875,69750.671875,0,15.673100471496582,1901.4000244140625,101.69999694824219,2.05813661692193,7.03987272546482,33.268,3.37387624023208
2022-04-28,FTSE/JSE All Share,70264.109375,71534.5703125,71613.578125,70264.109375,0,15.863659858703613,1888.699951171875,105.36000061035156,2.05813661692193,7.03987272546482,33.268,3.37387624023208
2022-04-29,FTSE/JSE All Share,71534.5703125,72438.25,73130.40625,71534.5703125,0,15.982500076293945,1909.300048828125,104.69000244140625,2.05813661692193,7.03987272546482,33.268,3.37387624023208
2022-05-03,FTSE/JSE All Share,72438.25,71338.9921875,72438.25,71296.640625,0,16.10759925842285,1868.800048828125,102.41000366210938,2.05813661692193,7.03987272546482,33.268,3.37387624023208
2022-05-04,FTSE/JSE All Share,71338.9921875,70357.578125,71338.9921875,70110.2890625,0,15.733240127563477,1867.0,107.80999755859375,2.05813661692193,7.03987272546482,33.268,3.37387624023208
2022-05-05,FTSE/JSE All Share,70357.578125,69682.6484375,71082.5078125,69682.6484375,0,15.468799591064453,1874.0,108.26000213623047,2.05813661692193,7.03987272546482,33.268,3.37387624023208
2022-05-06,FTSE/JSE All Share,69682.6484375,67978.140625,69682.6484375,67256.71875,0,15.979599952697754,1881.199951171875,109.7699966430664,2.05813661692193,7.03987272546482,33.268,3.37387624023208
2022-05-09,FTSE/JSE All Share,67978.140625,66769.1171875,67978.140625,66481.3828125,0,16.061500549316406,1857.0999755859375,103.08999633789062,2.05813661692193,7.03987272546482,33.268,3.37387624023208
2022-05-10,FTSE/JSE All Share,66769.1171875,66966.7265625,67741.5703125,66769.1171875,0,16.222200393676758,1839.9000244140625,99.76000213623047,2.05813661692193,7.03987272546482,33.268,3.37387624023208
2022-05-11,FTSE/JSE All Share,66966.7265625,68416.40625,68489.5078125,66820.5625,0,16.11886978149414,1852.5999755859375,105.70999908447266,2.05813661692193,7.03987272546482,33.268,3.37387624023208
2022-05-12,FTSE/JSE All Share,68416.40625,67251.890625,68416.40625,65954.359375,0,16.078399658203125,1823.800048828125,106.12999725341797,2.05813661692193,7.03987272546482,33.268,3.37387624023208
2022-05-13,FTSE/JSE All Share,67251.890625,68650.65625,68650.65625,67250.1328125,0,16.05620002746582,1807.4000244140625,110.48999786376953,2.05813661692193,7.03987272546482,33.268,3.37387624023208
2022-05-16,FTSE/JSE All Share,68650.65625,69211.7578125,69269.3828125,68407.4375,0,16.149919509887695,1813.5,114.19999694824219,2.05813661692193,7.03987272546482,33.268,3.37387624023208
2022-05-17,FTSE/JSE All Share,69211.7578125,69696.390625,70384.40625,69211.7578125,0,16.12211036682129,1818.199951171875,112.4000015258789,2.05813661692193,7.03987272546482,33.268,3.37387624023208
2022-05-18,FTSE/JSE All Share,69696.390625,69083.4375,70017.421875,68977.6484375,0,15.90233039855957,1815.9000244140625,109.58999633789062,2.05813661692193,7.03987272546482,33.268,3.37387624023208
2022-05-19,FTSE/JSE All Share,69083.4375,68245.84375,69083.4375,67512.3515625,0,16.0674991607666,1841.199951171875,112.20999908447266,2.05813661692193,7.03987272546482,33.268,3.37387624023208
2022-05-20,FTSE/JSE All Share,68245.84375,67575.28125,69217.6484375,67575.28125,0,15.832099914550781,1841.800048828125,113.2300033569336,2.05813661692193,7.03987272546482,33.268,3.37387624023208
2022-05-23,FTSE/JSE All Share,67575.28125,68367.3671875,68798.0703125,67575.28125,0,15.834059715270996,1847.800048828125,110.29000091552734,2.05813661692193,7.03987272546482,33.268,3.37387624023208
2022-05-24,FTSE/JSE All Share,68367.3671875,67690.71875,68367.3671875,67491.28125,0,15.776300430297852,1865.0999755859375,109.7699966430664,2.05813661692193,7.03987272546482,33.268,3.37387624023208
2022-05-25,FTSE/JSE All Share,67690.71875,67585.25,68227.7421875,66820.0390625,0,15.622050285339355,1846.199951171875,110.33000183105469,2.05813661692193,7.03987272546482,33.268,3.37387624023208
2022-05-26,FTSE/JSE All Share,67585.25,69483.7578125,69573.3125,67585.25,0,15.71660041809082,1847.4000244140625,114.08999633789062,2.05813661692193,7.03987272546482,33.268,3.37387624023208
2022-05-27,FTSE/JSE All Share,69483.7578125,70485.4609375,70607.7109375,69423.3671875,0,15.674969673156738,1851.300048828125,115.06999969482422,2.05813661692193,7.03987272546482,33.268,3.37387624023208
2022-05-30,FTSE/JSE All Share,70485.4609375,71958.1484375,72063.859375,70485.4609375,0,15.5649995803833,,,2.05813661692193,7.03987272546482,33.268,3.37387624023208
2022-05-31,FTSE/JSE All Share,71958.1484375,72094.8671875,72289.8828125,71620.2734375,0,15.476799964904785,1842.699951171875,114.66999816894531,2.05813661692193,7.03987272546482,33.268,3.37387624023208
2022-06-01,FTSE/JSE All Share,72094.8671875,70849.3828125,72094.8671875,70567.0390625,0,15.59550952911377,1843.300048828125,115.26000213623047,2.05813661692193,7.03987272546482,33.268,3.37387624023208
2022-06-02,FTSE/JSE All Share,70849.3828125,71035.0,71334.6328125,70849.3828125,0,15.593299865722656,1866.5,116.87000274658203,2.05813661692193,7.03987272546482,33.268,3.37387624023208
2022-06-03,FTSE/JSE All Share,71035.0,70920.453125,71752.671875,70920.453125,0,15.448399543762207,1845.4000244140625,118.87000274658203,2.05813661692193,7.03987272546482,33.268,3.37387624023208
2022-06-06,FTSE/JSE All Share,70920.453125,71120.09375,71460.8203125,70830.6171875,0,15.536100387573242,1839.199951171875,118.5,2.05813661692193,7.03987272546482,33.268,3.37387624023208
2022-06-07,FTSE/JSE All Share,71120.09375,70318.2265625,71120.09375,69780.65625,0,15.421699523925781,1847.5,119.41000366210938,2.05813661692193,7.03987272546482,33.268,3.37387624023208
2022-06-08,FTSE/JSE All Share,70318.2265625,69950.2109375,70706.46875,69879.578125,0,15.364279747009277,1851.9000244140625,122.11000061035156,2.05813661692193,7.03987272546482,33.268,3.37387624023208
2022-06-09,FTSE/JSE All Share,69950.2109375,68910.796875,70460.7421875,68910.796875,0,15.277600288391113,1848.800048828125,121.51000213623047,2.05813661692193,7.03987272546482,33.268,3.37387624023208
2022-06-10,FTSE/JSE All Share,68910.796875,67803.5078125,68910.796875,67703.1328125,0,15.474499702453613,1871.5,120.66999816894531,2.05813661692193,7.03987272546482,33.268,3.37387624023208
2022-06-13,FTSE/JSE All Share,67803.5078125,66381.03125,67803.5078125,65961.65625,0,15.858280181884766,1828.0,120.93000030517578,2.05813661692193,7.03987272546482,33.268,3.37387624023208
2022-06-14,FTSE/JSE All Share,66381.03125,65683.5234375,66909.859375,65559.3671875,0,16.112899780273438,1809.5,118.93000030517578,2.05813661692193,7.03987272546482,33.268,3.37387624023208
2022-06-15,FTSE/JSE All Share,65683.5234375,67502.09375,67544.5078125,65225.94921875,0,16.014999389648438,1815.300048828125,115.30999755859375,2.05813661692193,7.03987272546482,33.268,3.37387624023208
2022-06-17,FTSE/JSE All Share,67502.09375,65390.87890625,67502.09375,65390.87890625,0,15.996199607849121,1835.5999755859375,109.55999755859375,2.05813661692193,7.03987272546482,33.268,3.37387624023208
2022-06-20,FTSE/JSE All Share,65390.87890625,66350.3125,66692.7265625,65390.87890625,0,15.97665023803711,,,2.05813661692193,7.03987272546482,33.268,3.37387624023208
2022-06-21,FTSE/JSE All Share,66350.3125,66747.2265625,67508.53125,66350.3125,0,16.02359962463379,1834.5999755859375,110.6500015258789,2.05813661692193,7.03987272546482,33.268,3.37387624023208
2022-06-22,FTSE/JSE All Share,66747.2265625,65712.6796875,66747.2265625,65191.1015625,0,15.914560317993164,1834.300048828125,106.19000244140625,2.05813661692193,7.03987272546482,33.268,3.37387624023208
2022-06-23,FTSE/JSE All Share,65712.6796875,65295.421875,65784.96875,64744.53125,0,15.899609565734863,1825.699951171875,104.2699966430664,2.05813661692193,7.03987272546482,33.268,3.37387624023208
2022-06-24,FTSE/JSE All Share,65295.421875,66348.75,66373.2265625,65207.0,0,15.935409545898438,1826.5,107.62000274658203,2.05813661692193,7.03987272546482,33.268,3.37387624023208
2022-06-27,FTSE/JSE All Share,66348.75,67826.78125,68360.40625,66348.75,0,15.764900207519531,1820.9000244140625,109.56999969482422,2.05813661692193,7.03987272546482,33.268,3.37387624023208
2022-06-28,FTSE/JSE All Share,67826.78125,68058.1171875,68686.6484375,67826.78125,0,15.827300071716309,1817.5,111.76000213623047,2.05813661692193,7.03987272546482,33.268,3.37387624023208
2022-06-29,FTSE/JSE All Share,68058.1171875,67747.40625,68058.1171875,67139.9609375,0,16.063400268554688,1813.699951171875,109.77999877929688,2.05813661692193,7.03987272546482,33.268,3.37387624023208
2022-06-30,FTSE/JSE All Share,67747.40625,66223.3125,67747.40625,66223.3125,0,16.20870018005371,1804.0999755859375,105.76000213623047,2.05813661692193,7.03987272546482,33.268,3.37387624023208
2022-07-01,FTSE/JSE All Share,66223.3125,65661.7265625,66635.3203125,65452.83984375,0,16.255739212036133,1798.9000244140625,108.43000030517578,2.05813661692193,7.03987272546482,33.268,3.37387624023208
2022-07-04,FTSE/JSE All Share,65661.7265625,67024.8203125,67417.8203125,65661.7265625,0,16.39579963684082,,,2.05813661692193,7.03987272546482,33.268,3.37387624023208
2022-07-05,FTSE/JSE All Share,67024.8203125,65005.80859375,67092.5,64719.98828125,0,16.331499099731445,1761.800048828125,99.5,2.05813661692193,7.03987272546482,33.268,3.37387624023208
2022-07-06,FTSE/JSE All Share,65005.80859375,65756.359375,66278.8828125,65005.80859375,0,16.533349990844727,1734.9000244140625,98.52999877929688,2.05813661692193,7.03987272546482,33.268,3.37387624023208
2022-07-07,FTSE/JSE All Share,65756.359375,67909.2890625,67971.7109375,65756.359375,0,16.764299392700195,1737.9000244140625,102.7300033569336,2.05813661692193,7.03987272546482,33.268,3.37387624023208
2022-07-08,FTSE/JSE All Share,67909.2890625,68327.3984375,68491.3671875,67089.2578125,0,16.68610954284668,1740.5999755859375,104.79000091552734,2.05813661692193,7.03987272546482,33.268,3.37387624023208
2022-07-11,FTSE/JSE All Share,68327.3984375,67226.75,68327.3984375,66615.5390625,0,16.812829971313477,1730.0,104.08999633789062,2.05813661692193,7.03987272546482,33.268,3.37387624023208
2022-07-12,FTSE/JSE All Share,67226.75,67163.7109375,67226.75,66619.8671875,0,17.07349967956543,1723.300048828125,95.83999633789062,2.05813661692193,7.03987272546482,33.268,3.37387624023208
2022-07-13,FTSE/JSE All Share,67163.7109375,66142.6875,67163.7109375,65345.53125,0,17.017240524291992,1734.199951171875,96.30000305175781,2.05813661692193,7.03987272546482,33.268,3.37387624023208
2022-07-14,FTSE/JSE All Share,66142.6875,64712.87890625,66381.171875,64348.2890625,0,16.94529914855957,1704.5,95.77999877929688,2.05813661692193,7.03987272546482,33.268,3.37387624023208
2022-07-15,FTSE/JSE All Share,64712.87890625,65088.8984375,65306.6015625,64118.05078125,0,17.12179946899414,1702.4000244140625,97.58999633789062,2.05813661692193,7.03987272546482,33.268,3.37387624023208
2022-07-18,FTSE/JSE All Share,65088.8984375,67016.140625,67177.28125,65088.8984375,0,17.045000076293945,1709.199951171875,102.5999984741211,2.05813661692193,7.03987272546482,33.268,3.37387624023208
2022-07-19,FTSE/JSE All Share,67016.140625,67785.0390625,67797.4765625,66418.328125,0,17.090749740600586,1710.0,104.22000122070312,2.05813661692193,7.03987272546482,33.268,3.37387624023208
2022-07-20,FTSE/JSE All Share,67785.0390625,67652.4609375,68528.65625,67093.0078125,0,17.072500228881836,1699.5,102.26000213623047,2.05813661692193,7.03987272546482,33.268,3.37387624023208
2022-07-21,FTSE/JSE All Share,67652.4609375,67907.2421875,68099.3828125,67053.6484375,0,17.123300552368164,1712.699951171875,96.3499984741211,2.05813661692193,7.03987272546482,33.268,3.37387624023208
2022-07-22,FTSE/JSE All Share,67907.2421875,68069.578125,68437.8515625,67907.2421875,0,17.035400390625,1727.0999755859375,94.69999694824219,2.05813661692193,7.03987272546482,33.268,3.37387624023208
2022-07-25,FTSE/JSE All Share,68069.578125,67749.7890625,68252.6171875,67322.3671875,0,16.78809928894043,1719.0,96.69999694824219,2.05813661692193,7.03987272546482,33.268,3.37387624023208
2022-07-26,FTSE/JSE All Share,67749.7890625,68421.796875,68458.25,67749.7890625,0,16.779300689697266,1717.699951171875,94.9800033569336,2.05813661692193,7.03987272546482,33.268,3.37387624023208
2022-07-27,FTSE/JSE All Share,68421.796875,68424.96875,68693.25,68217.7734375,0,16.858400344848633,1719.0999755859375,97.26000213623047,2.05813661692193,7.03987272546482,33.268,3.37387624023208
2022-07-28,FTSE/JSE All Share,68424.96875,68610.75,69464.7265625,68424.96875,0,16.66699981689453,1750.300048828125,96.41999816894531,2.05813661692193,7.03987272546482,33.268,3.37387624023208
2022-07-29,FTSE/JSE All Share,68610.75,68934.0078125,69176.4375,68478.140625,0,16.526199340820312,1762.9000244140625,98.62000274658203,2.05813661692193,7.03987272546482,33.268,3.37387624023208
2022-08-01,FTSE/JSE All Share,69016.4609375,68642.59375,69424.796875,68263.3515625,0,16.605039596557617,1769.0,93.88999938964844,2.05813661692193,7.03987272546482,33.268,3.37387624023208
2022-08-02,FTSE/JSE All Share,68642.59375,68002.2265625,68642.59375,67501.7265625,0,16.476150512695312,1771.0999755859375,94.41999816894531,2.05813661692193,7.03987272546482,33.268,3.37387624023208
2022-08-03,FTSE/JSE All Share,68002.2265625,68610.5703125,69107.9921875,68002.2265625,0,16.806049346923828,1758.0,90.66000366210938,2.05813661692193,7.03987272546482,33.268,3.37387624023208
2022-08-04,FTSE/JSE All Share,68610.5703125,68717.0234375,69461.1015625,68610.5703125,0,16.739700317382812,1788.5,88.54000091552734,2.05813661692193,7.03987272546482,33.268,3.37387624023208
2022-08-05,FTSE/JSE All Share,68717.0234375,69519.2734375,69645.7734375,68717.0234375,0,16.575550079345703,1772.9000244140625,89.01000213623047,2.05813661692193,7.03987272546482,33.268,3.37387624023208
2022-08-08,FTSE/JSE All Share,69519.2734375,70266.1328125,70480.3984375,69308.140625,0,16.772600173950195,1786.800048828125,90.76000213623047,2.05813661692193,7.03987272546482,33.268,3.37387624023208
2022-08-10,FTSE/JSE All Share,70266.1328125,69744.8984375,70266.1328125,69279.1875,0,16.566499710083008,1795.5999755859375,91.93000030517578,2.05813661692193,7.03987272546482,33.268,3.37387624023208
2022-08-11,FTSE/JSE All Share,69744.8984375,71264.7734375,71399.609375,69744.8984375,0,16.17176055908203,1789.699951171875,94.33999633789062,2.05813661692193,7.03987272546482,33.268,3.37387624023208
2022-08-12,FTSE/JSE All Share,71264.7734375,70731.3203125,71305.0390625,70731.3203125,0,16.236799240112305,1798.5999755859375,92.08999633789062,2.05813661692193,7.03987272546482,33.268,3.37387624023208
2022-08-15,FTSE/JSE All Share,70731.3203125,70740.6328125,71159.2421875,70629.78125,0,16.235200881958008,1781.4000244140625,89.41000366210938,2.05813661692193,7.03987272546482,33.268,3.37387624023208
2022-08-16,FTSE/JSE All Share,70740.6328125,71504.6875,71563.0078125,70740.6328125,0,16.421110153198242,1773.199951171875,86.52999877929688,2.05813661692193,7.03987272546482,33.268,3.37387624023208
2022-08-17,FTSE/JSE All Share,71504.6875,70967.3515625,71504.6875,70742.3515625,0,16.36520004272461,1760.300048828125,88.11000061035156,2.05813661692193,7.03987272546482,33.268,3.37387624023208
2022-08-18,FTSE/JSE All Share,70967.3515625,71011.3828125,71238.6171875,70817.6171875,0,16.645000457763672,1755.300048828125,90.5,2.05813661692193,7.03987272546482,33.268,3.37387624023208
2022-08-19,FTSE/JSE All Share,71011.3828125,69719.4296875,71081.59375,69594.84375,0,16.8528995513916,1747.5999755859375,90.7699966430664,2.05813661692193,7.03987272546482,33.268,3.37387624023208
2022-08-22,FTSE/JSE All Share,69719.4296875,69195.6015625,69719.4296875,68705.84375,0,17.007410049438477,1734.0,90.2300033569336,2.05813661692193,7.03987272546482,33.268,3.37387624023208
2022-08-23,FTSE/JSE All Share,69195.6015625,69772.2734375,70032.640625,69123.1484375,0,16.989110946655273,1746.800048828125,93.73999786376953,2.05813661692193,7.03987272546482,33.268,3.37387624023208
2022-08-24,FTSE/JSE All Share,69772.2734375,69808.7109375,70106.3125,69520.4921875,0,16.959840774536133,1747.800048828125,94.88999938964844,2.05813661692193,7.03987272546482,33.268,3.37387624023208
2022-08-25,FTSE/JSE All Share,69808.7109375,70340.703125,70592.796875,69808.7109375,0,16.910200119018555,1757.699951171875,92.5199966430664,2.05813661692193,7.03987272546482,33.268,3.37387624023208
2022-08-26,FTSE/JSE All Share,70340.703125,70173.09375,71054.8671875,70062.671875,0,16.70857048034668,1736.0999755859375,93.05999755859375,2.05813661692193,7.03987272546482,33.268,3.37387624023208
2022-08-29,FTSE/JSE All Share,70173.09375,69207.0234375,70173.09375,68627.9609375,0,16.9112491607666,1736.5999755859375,97.01000213623047,2.05813661692193,7.03987272546482,33.268,3.37387624023208
2022-08-30,FTSE/JSE All Share,69207.0234375,67900.4765625,69548.6171875,67689.4296875,0,16.809640884399414,1723.199951171875,91.63999938964844,2.05813661692193,7.03987272546482,33.268,3.37387624023208
2022-08-31,FTSE/JSE All Share,67900.4765625,67257.140625,68636.4609375,67257.140625,0,16.957799911499023,1712.800048828125,89.55000305175781,2.05813661692193,7.03987272546482,33.268,3.37387624023208
2022-09-01,FTSE/JSE All Share,67257.140625,66021.7109375,67257.140625,65830.5,0,17.105209350585938,1696.5999755859375,86.61000061035156,2.05813661692193,7.03987272546482,33.268,3.37387624023208
2022-09-02,FTSE/JSE All Share,66021.7109375,67378.3125,67409.3125,66021.7109375,0,17.25189971923828,1709.800048828125,86.87000274658203,2.05813661692193,7.03987272546482,33.268,3.37387624023208
2022-09-05,FTSE/JSE All Share,67378.3125,67399.390625,67723.328125,66846.0703125,0,17.300899505615234,,,2.05813661692193,7.03987272546482,33.268,3.37387624023208
2022-09-06,FTSE/JSE All Share,67399.390625,67538.7734375,67954.0703125,67143.53125,0,17.162200927734375,1700.4000244140625,86.87999725341797,2.05813661692193,7.03987272546482,33.268,3.37387624023208
2022-09-07,FTSE/JSE All Share,67538.7734375,66715.828125,67538.7734375,66313.2890625,0,17.276620864868164,1715.300048828125,81.94000244140625,2.05813661692193,7.03987272546482,33.268,3.37387624023208
2022-09-08,FTSE/JSE All Share,66715.828125,67260.2265625,67524.7421875,66596.8671875,0,17.238019943237305,1708.0,83.54000091552734,2.05813661692193,7.03987272546482,33.268,3.37387624023208
2022-09-09,FTSE/JSE All Share,67260.2265625,68708.4765625,69221.421875,67260.2265625,0,17.49169921875,1716.199951171875,86.79000091552734,2.05813661692193,7.03987272546482,33.268,3.37387624023208
2022-09-12,FTSE/JSE All Share,68708.4765625,69772.40625,70064.6875,68708.4765625,0,17.243000030517578,1728.0999755859375,87.77999877929688,2.05813661692193,7.03987272546482,33.268,3.37387624023208
2022-09-13,FTSE/JSE All Share,69772.40625,68273.7109375,69866.5,68128.640625,0,17.079580307006836,1705.0,87.30999755859375,2.05813661692193,7.03987272546482,33.268,3.37387624023208
2022-09-14,FTSE/JSE All Share,68273.7109375,67964.0234375,68273.7109375,67435.5390625,0,17.39189910888672,1696.5,88.4800033569336,2.05813661692193,7.03987272546482,33.268,3.37387624023208
2022-09-15,FTSE/JSE All Share,67964.0234375,67568.2578125,68478.3125,67555.828125,0,17.47330093383789,1665.4000244140625,85.0999984741211,2.05813661692193,7.03987272546482,33.268,3.37387624023208
2022-09-16,FTSE/JSE All Share,67568.2578125,66584.34375,67568.2578125,66334.3203125,0,17.56399917602539,1671.699951171875,85.11000061035156,2.05813661692193,7.03987272546482,33.268,3.37387624023208
2022-09-19,FTSE/JSE All Share,66584.34375,66474.859375,66584.34375,65540.15625,0,17.609529495239258,1666.199951171875,85.7300033569336,2.05813661692193,7.03987272546482,33.268,3.37387624023208
2022-09-20,FTSE/JSE All Share,66474.859375,66602.84375,67439.109375,66425.9375,0,17.625999450683594,1659.699951171875,84.44999694824219,2.05813661692193,7.03987272546482,33.268,3.37387624023208
2022-09-21,FTSE/JSE All Share,66602.84375,66208.7109375,66602.84375,65893.15625,0,17.688100814819336,1664.5999755859375,82.94000244140625,2.05813661692193,7.03987272546482,33.268,3.37387624023208
2022-09-22,FTSE/JSE All Share,66208.7109375,65276.96875,66208.7109375,65190.98828125,0,17.714799880981445,1670.800048828125,83.48999786376953,2.05813661692193,7.03987272546482,33.268,3.37387624023208
2022-09-23,FTSE/JSE All Share,65276.96875,63416.66015625,65276.96875,63267.05078125,0,17.559490203857422,1645.300048828125,78.73999786376953,2.05813661692193,7.03987272546482,33.268,3.37387624023208
2022-09-26,FTSE/JSE All Share,63416.66015625,63625.66015625,63786.98046875,62646.37109375,0,17.937000274658203,1623.300048828125,76.70999908447266,2.05813661692193,7.03987272546482,33.268,3.37387624023208
2022-09-27,FTSE/JSE All Share,63625.66015625,64025.94921875,64218.359375,63371.26953125,0,18.06209945678711,1626.699951171875,78.5,2.05813661692193,7.03987272546482,33.268,3.37387624023208
2022-09-28,FTSE/JSE All Share,64025.94921875,63808.3203125,64025.94921875,62193.9296875,0,17.98270034790039,1660.4000244140625,82.1500015258789,2.05813661692193,7.03987272546482,33.268,3.37387624023208
2022-09-29,FTSE/JSE All Share,63808.3203125,63263.94140625,63945.4296875,62598.87109375,0,17.85460090637207,1658.5,81.2300033569336,2.05813661692193,7.03987272546482,33.268,3.37387624023208
2022-09-30,FTSE/JSE All Share,63263.94140625,63726.37109375,63970.80859375,63261.05859375,0,17.96558952331543,1662.4000244140625,79.48999786376953,2.05813661692193,7.03987272546482,33.268,3.37387624023208
2022-10-03,FTSE/JSE All Share,63726.37109375,64227.23046875,64312.55859375,63280.33984375,0,18.052499771118164,1692.9000244140625,83.62999725341797,2.05813661692193,7.03987272546482,33.268,3.37387624023208
2022-10-04,FTSE/JSE All Share,64227.23046875,66312.828125,66312.828125,64227.23046875,0,17.63129997253418,1721.0999755859375,86.5199966430664,2.05813661692193,7.03987272546482,33.268,3.37387624023208
2022-10-05,FTSE/JSE All Share,66312.828125,65612.7578125,66456.390625,65387.75,0,17.627899169921875,1711.4000244140625,87.76000213623047,2.05813661692193,7.03987272546482,33.268,3.37387624023208
2022-10-06,FTSE/JSE All Share,65612.7578125,65832.671875,66562.1015625,65612.7578125,0,17.789569854736328,1711.699951171875,88.44999694824219,2.05813661692193,7.03987272546482,33.268,3.37387624023208
2022-10-07,FTSE/JSE All Share,65832.671875,65675.4765625,65924.4609375,65217.0,0,17.961200714111328,1700.5,92.63999938964844,2.05813661692193,7.03987272546482,33.268,3.37387624023208
2022-10-10,FTSE/JSE All Share,65675.4765625,64769.19921875,65675.4765625,64552.01953125,0,18.094999313354492,1667.300048828125,91.12999725341797,2.05813661692193,7.03987272546482,33.268,3.37387624023208
2022-10-11,FTSE/JSE All Share,64769.19921875,64588.08984375,65146.5,64121.2890625,0,18.081899642944336,1678.699951171875,89.3499984741211,2.05813661692193,7.03987272546482,33.268,3.37387624023208
2022-10-12,FTSE/JSE All Share,64588.08984375,64528.23046875,65023.37890625,64319.94140625,0,18.139999389648438,1670.300048828125,87.2699966430664,2.05813661692193,7.03987272546482,33.268,3.37387624023208
2022-10-13,FTSE/JSE All Share,64528.23046875,64392.4296875,64808.0390625,63662.87890625,0,18.275400161743164,1670.0,89.11000061035156,2.05813661692193,7.03987272546482,33.268,3.37387624023208
2022-10-14,FTSE/JSE All Share,64392.4296875,64271.359375,65774.421875,64082.3984375,0,18.226499557495117,1641.699951171875,85.61000061035156,2.05813661692193,7.03987272546482,33.268,3.37387624023208
2022-10-17,FTSE/JSE All Share,64271.359375,66190.75,66262.75,64149.01171875,0,18.234600067138672,1657.0,85.45999908447266,2.05813661692193,7.03987272546482,33.268,3.37387624023208
2022-10-18,FTSE/JSE All Share,66190.75,66350.9765625,66902.2734375,66187.8125,0,18.056100845336914,1649.0,82.81999969482422,2.05813661692193,7.03987272546482,33.268,3.37387624023208
2022-10-19,FTSE/JSE All Share,66350.9765625,65652.5,66350.9765625,65175.87890625,0,18.06209945678711,1627.5,85.55000305175781,2.05813661692193,7.03987272546482,33.268,3.37387624023208
2022-10-20,FTSE/JSE All Share,65652.5,65794.28125,65869.4375,64854.3203125,0,18.1968994140625,1630.800048828125,85.9800033569336,2.05813661692193,7.03987272546482,33.268,3.37387624023208
2022-10-21,FTSE/JSE All Share,65794.28125,65539.2421875,66015.75,64705.8203125,0,18.297100067138672,1651.0,85.05000305175781,2.05813661692193,7.03987272546482,33.268,3.37387624023208
2022-10-24,FTSE/JSE All Share,65539.2421875,64975.94921875,65823.8515625,64662.9609375,0,18.034700393676758,1648.699951171875,84.58000183105469,2.05813661692193,7.03987272546482,33.268,3.37387624023208
2022-10-25,FTSE/JSE All Share,64975.94921875,65850.84375,66023.6875,64975.94921875,0,18.395299911499023,1652.800048828125,85.31999969482422,2.05813661692193,7.03987272546482,33.268,3.37387624023208
2022-10-26,FTSE/JSE All Share,65850.84375,67103.09375,67103.09375,65850.84375,0,18.184600830078125,1664.0,87.91000366210938,2.05813661692193,7.03987272546482,33.268,3.37387624023208
2022-10-27,FTSE/JSE All Share,67103.09375,67123.40625,67371.78125,66641.578125,0,17.909299850463867,1660.699951171875,89.08000183105469,2.05813661692193,7.03987272546482,33.268,3.37387624023208
2022-10-28,FTSE/JSE All Share,67123.40625,66385.578125,67123.40625,65799.5234375,0,17.935699462890625,1639.5999755859375,87.9000015258789,2.05813661692193,7.03987272546482,33.268,3.37387624023208
2022-10-31,FTSE/JSE All Share,66385.578125,66671.6484375,66843.109375,66385.578125,0,18.114999771118164,1635.9000244140625,86.52999877929688,2.05813661692193,7.03987272546482,33.268,3.37387624023208
2022-11-01,FTSE/JSE All Share,66671.6484375,67414.2734375,68210.9609375,66671.6484375,0,18.30270004272461,1645.0,88.37000274658203,2.05813661692193,7.03987272546482,33.268,3.37387624023208
2022-11-02,FTSE/JSE All Share,67414.2734375,67123.1015625,67913.6015625,66990.640625,0,18.208799362182617,1645.699951171875,90.0,2.05813661692193,7.03987272546482,33.268,3.37387624023208
2022-11-03,FTSE/JSE All Share,67123.1015625,66046.6484375,67123.1015625,65609.546875,0,18.230899810791016,1627.300048828125,88.16999816894531,2.05813661692193,7.03987272546482,33.268,3.37387624023208
2022-11-04,FTSE/JSE All Share,66046.6484375,69305.1875,69437.1328125,66046.6484375,0,18.374849319458008,1672.5,92.61000061035156,2.05813661692193,7.03987272546482,33.268,3.37387624023208
2022-11-07,FTSE/JSE All Share,69305.1875,69439.3203125,69658.96875,68562.828125,0,17.97035026550293,1676.5,91.79000091552734,2.05813661692193,7.03987272546482,33.268,3.37387624023208
2022-11-08,FTSE/JSE All Share,69439.3203125,69011.453125,69439.3203125,68690.8984375,0,17.710500717163086,1712.0999755859375,88.91000366210938,2.05813661692193,7.03987272546482,33.268,3.37387624023208
2022-11-09,FTSE/JSE All Share,69011.453125,69640.2265625,69700.9765625,68957.53125,0,17.700700759887695,1710.0999755859375,85.83000183105469,2.05813661692193,7.03987272546482,33.268,3.37387624023208
2022-11-10,FTSE/JSE All Share,69640.2265625,70710.2734375,70720.0625,68654.3515625,0,17.75029945373535,1750.300048828125,86.47000122070312,2.05813661692193,7.03987272546482,33.268,3.37387624023208
2022-11-11,FTSE/JSE All Share,70710.2734375,72982.796875,73435.53125,70710.2734375,0,17.340900421142578,1766.0,88.95999908447266,2.05813661692193,7.03987272546482,33.268,3.37387624023208
2022-11-14,FTSE/JSE All Share,72982.796875,72822.46875,73258.078125,72766.65625,0,17.24489974975586,1773.5999755859375,85.87000274658203,2.05813661692193,7.03987272546482,33.268,3.37387624023208
2022-11-15,FTSE/JSE All Share,72822.46875,72998.6875,73489.0078125,72702.9765625,0,17.287099838256836,1773.800048828125,86.91999816894531,2.05813661692193,7.03987272546482,33.268,3.37387624023208
2022-11-16,FTSE/JSE All Share,72998.6875,72607.4609375,73487.9609375,72607.4609375,0,17.29050064086914,1773.0,85.58999633789062,2.05813661692193,7.03987272546482,33.268,3.37387624023208
2022-11-17,FTSE/JSE All Share,72607.4609375,72155.2890625,72774.46875,71834.640625,0,17.234699249267578,1760.800048828125,81.63999938964844,2.05813661692193,7.03987272546482,33.268,3.37387624023208
2022-11-18,FTSE/JSE All Share,72155.2890625,72576.859375,72929.328125,72155.2890625,0,17.311899185180664,1751.9000244140625,80.08000183105469,2.05813661692193,7.03987272546482,33.268,3.37387624023208
2022-11-21,FTSE/JSE All Share,72576.859375,71938.0078125,72576.859375,71686.03125,0,17.19515037536621,1737.4000244140625,79.7300033569336,2.05813661692193,7.03987272546482,33.268,3.37387624023208
2022-11-22,FTSE/JSE All Share,71938.0078125,72242.328125,72436.9765625,71359.5078125,0,17.324100494384766,1738.300048828125,80.94999694824219,2.05813661692193,7.03987272546482,33.268,3.37387624023208
2022-11-23,FTSE/JSE All Share,72242.328125,72891.453125,73028.7890625,72242.328125,0,17.24650001525879,1744.9000244140625,77.94000244140625,2.05813661692193,7.03987272546482,33.268,3.37387624023208
2022-11-24,FTSE/JSE All Share,72891.453125,73127.34375,73426.4765625,72741.3203125,0,16.968799591064453,,,2.05813661692193,7.03987272546482,33.268,3.37387624023208
2022-11-25,FTSE/JSE All Share,73127.34375,73151.3828125,73446.34375,72484.328125,0,17.00058937072754,1753.300048828125,76.27999877929688,2.05813661692193,7.03987272546482,33.268,3.37387624023208
2022-11-28,FTSE/JSE All Share,73151.3828125,73368.25,73524.46875,72539.96875,0,17.0762996673584,1740.0999755859375,77.23999786376953,2.05813661692193,7.03987272546482,33.268,3.37387624023208
2022-11-29,FTSE/JSE All Share,73368.25,73127.921875,74207.78125,72811.671875,0,17.12700080871582,1748.4000244140625,78.19999694824219,2.05813661692193,7.03987272546482,33.268,3.37387624023208
2022-11-30,FTSE/JSE All Share,73127.921875,74828.0,75093.640625,73070.8125,0,16.968050003051758,1746.0,80.55000305175781,2.05813661692193,7.03987272546482,33.268,3.37387624023208
2022-12-01,FTSE/JSE All Share,74828.0,75020.0078125,76338.1484375,74828.0,0,17.109699249267578,1801.0999755859375,81.22000122070312,2.05813661692193,7.03987272546482,33.268,3.37387624023208
2022-12-02,FTSE/JSE All Share,75020.0078125,74322.90625,75020.0078125,73356.9296875,0,17.524829864501953,1795.9000244140625,79.9800033569336,2.05813661692193,7.03987272546482,33.268,3.37387624023208
2022-12-05,FTSE/JSE All Share,74322.90625,74693.421875,75511.3984375,74322.90625,0,17.2898006439209,1767.4000244140625,76.93000030517578,2.05813661692193,7.03987272546482,33.268,3.37387624023208
2022-12-06,FTSE/JSE All Share,74693.421875,74557.3125,74961.03125,74215.4375,0,17.44329071044922,1769.300048828125,74.25,2.05813661692193,7.03987272546482,33.268,3.37387624023208
2022-12-07,FTSE/JSE All Share,74557.3125,74011.1171875,74557.3125,73619.90625,0,17.31529998779297,1785.5,72.01000213623047,2.05813661692193,7.03987272546482,33.268,3.37387624023208
2022-12-08,FTSE/JSE All Share,74011.1171875,74467.2578125,74628.1328125,73947.2265625,0,17.152589797973633,1788.699951171875,71.45999908447266,2.05813661692193,7.03987272546482,33.268,3.37387624023208
2022-12-09,FTSE/JSE All Share,74467.2578125,74548.140625,75035.65625,74448.8515625,0,17.157100677490234,1798.0999755859375,71.0199966430664,2.05813661692193,7.03987272546482,33.268,3.37387624023208
2022-12-12,FTSE/JSE All Share,74548.140625,74422.1796875,74773.296875,73554.2421875,0,17.320899963378906,1780.5,73.16999816894531,2.05813661692193,7.03987272546482,33.268,3.37387624023208
2022-12-13,FTSE/JSE All Share,74422.1796875,75835.453125,76172.90625,74315.5625,0,17.565500259399414,1813.9000244140625,75.38999938964844,2.05813661692193,7.03987272546482,33.268,3.37387624023208
2022-12-14,FTSE/JSE All Share,75835.453125,74294.671875,75835.453125,74049.25,0,17.233699798583984,1807.5,77.27999877929688,2.05813661692193,7.03987272546482,33.268,3.37387624023208
2022-12-15,FTSE/JSE All Share,74294.671875,72989.34375,74294.671875,72785.8515625,0,17.159090042114258,1777.199951171875,76.11000061035156,2.05813661692193,7.03987272546482,33.268,3.37387624023208
2022-12-19,FTSE/JSE All Share,72989.34375,73359.6015625,73588.609375,72572.0,0,17.572200775146484,1787.699951171875,75.19000244140625,2.05813661692193,7.03987272546482,33.268,3.37387624023208
2022-12-20,FTSE/JSE All Share,73359.6015625,73040.5078125,73359.6015625,71826.46875,0,17.332700729370117,1815.9000244140625,76.08999633789062,2.05813661692193,7.03987272546482,33.268,3.37387624023208
2022-12-21,FTSE/JSE All Share,73040.5078125,73836.90625,73836.90625,72938.7734375,0,17.30780029296875,1815.9000244140625,78.29000091552734,2.05813661692193,7.03987272546482,33.268,3.37387624023208
2022-12-22,FTSE/JSE All Share,73836.90625,73225.1328125,74100.1015625,73048.890625,0,17.17970085144043,1787.0,77.48999786376953,2.05813661692193,7.03987272546482,33.268,3.37387624023208
2022-12-23,FTSE/JSE All Share,73225.1328125,73493.46875,73577.0625,72877.34375,0,17.1200008392334,1795.9000244140625,79.55999755859375,2.05813661692193,7.03987272546482,33.268,3.37387624023208
2022-12-28,FTSE/JSE All Share,73493.46875,74277.5625,74548.890625,73493.46875,0,17.193500518798828,1807.9000244140625,78.95999908447266,2.05813661692193,7.03987272546482,33.268,3.37387624023208
2022-12-29,FTSE/JSE All Share,74277.5625,73597.140625,74277.5625,72841.34375,0,17.04509925842285,1819.5,78.4000015258789,2.05813661692193,7.03987272546482,33.268,3.37387624023208
2022-12-30,FTSE/JSE All Share,73597.140625,73048.5703125,73597.140625,72888.2109375,0,16.92060089111328,1819.699951171875,80.26000213623047,2.05813661692193,7.03987272546482,33.268,3.37387624023208
2023-01-03,FTSE/JSE All Share,73048.5703125,74436.4765625,74612.671875,73048.5703125,0,16.885189056396484,1839.699951171875,76.93000030517578,0.80610455095804,6.0752438457966,32.098,6.47206699043374
2023-01-04,FTSE/JSE All Share,74436.4765625,74567.609375,74987.2734375,74249.0390625,0,17.011999130249023,1852.800048828125,72.83999633789062,0.80610455095804,6.0752438457966,32.098,6.47206699043374
2023-01-05,FTSE/JSE All Share,74567.609375,75439.296875,76041.390625,74567.609375,0,16.8704891204834,1834.800048828125,73.66999816894531,0.80610455095804,6.0752438457966,32.098,6.47206699043374
2023-01-06,FTSE/JSE All Share,75439.296875,76858.9375,77069.21875,75439.296875,0,17.15089988708496,1864.199951171875,73.7699966430664,0.80610455095804,6.0752438457966,32.098,6.47206699043374
2023-01-09,FTSE/JSE All Share,76858.9375,78342.703125,78624.203125,76858.9375,0,17.09000015258789,1872.699951171875,74.62999725341797,0.80610455095804,6.0752438457966,32.098,6.47206699043374
2023-01-10,FTSE/JSE All Share,78342.703125,78000.3125,78342.703125,77597.3515625,0,16.91699981689453,1871.5999755859375,75.12000274658203,0.80610455095804,6.0752438457966,32.098,6.47206699043374
2023-01-11,FTSE/JSE All Share,78000.3125,78522.1015625,78927.9609375,78000.3125,0,16.792299270629883,1874.5999755859375,77.41000366210938,0.80610455095804,6.0752438457966,32.098,6.47206699043374
2023-01-12,FTSE/JSE All Share,78522.1015625,78627.546875,79313.5703125,78044.25,0,16.897279739379883,1895.5,78.38999938964844,0.80610455095804,6.0752438457966,32.098,6.47206699043374
2023-01-13,FTSE/JSE All Share,78627.546875,79333.71875,79527.328125,78627.546875,0,16.70977020263672,1918.4000244140625,79.86000061035156,0.80610455095804,6.0752438457966,32.098,6.47206699043374
2023-01-16,FTSE/JSE All Share,79333.71875,79167.796875,79760.3203125,79040.1796875,0,16.780000686645508,,,0.80610455095804,6.0752438457966,32.098,6.47206699043374
2023-01-17,FTSE/JSE All Share,79167.796875,79385.109375,79483.6328125,78886.59375,0,17.043270111083984,1907.199951171875,80.18000030517578,0.80610455095804,6.0752438457966,32.098,6.47206699043374
2023-01-18,FTSE/JSE All Share,79385.109375,79865.4765625,79981.75,78952.9765625,0,17.052200317382812,1904.4000244140625,79.4800033569336,0.80610455095804,6.0752438457966,32.098,6.47206699043374
2023-01-19,FTSE/JSE All Share,79865.4765625,79505.0625,79866.90625,78947.5234375,0,17.1112003326416,1922.0999755859375,80.33000183105469,0.80610455095804,6.0752438457966,32.098,6.47206699043374
2023-01-20,FTSE/JSE All Share,79505.0625,79269.7734375,80226.2578125,79002.859375,0,17.28219985961914,1926.4000244140625,81.30999755859375,0.80610455095804,6.0752438457966,32.098,6.47206699043374
2023-01-23,FTSE/JSE All Share,79269.7734375,80128.6328125,80358.84375,79269.7734375,0,17.087499618530273,1927.0999755859375,81.62000274658203,0.80610455095804,6.0752438457966,32.098,6.47206699043374
2023-01-24,FTSE/JSE All Share,80128.6328125,80037.0078125,80647.7734375,79882.953125,0,17.148189544677734,1933.9000244140625,80.12999725341797,0.80610455095804,6.0752438457966,32.098,6.47206699043374
2023-01-25,FTSE/JSE All Share,80037.0078125,79725.4609375,80471.828125,79447.46875,0,17.005489349365234,1941.199951171875,80.1500015258789,0.80610455095804,6.0752438457966,32.098,6.47206699043374
2023-01-26,FTSE/JSE All Share,79725.4609375,80508.96875,80904.7890625,79725.4609375,0,17.110790252685547,1929.0999755859375,81.01000213623047,0.80610455095804,6.0752438457966,32.098,6.47206699043374
2023-01-27,FTSE/JSE All Share,80508.96875,80791.359375,81337.953125,80508.96875,0,17.15850067138672,1928.5999755859375,79.68000030517578,0.80610455095804,6.0752438457966,32.098,6.47206699043374
2023-01-30,FTSE/JSE All Share,80791.359375,80324.859375,80791.359375,79702.96875,0,17.189599990844727,1922.9000244140625,77.9000015258789,0.80610455095804,6.0752438457966,32.098,6.47206699043374
2023-01-31,FTSE/JSE All Share,80324.859375,79476.6015625,80324.859375,79252.140625,0,17.378700256347656,1929.5,78.87000274658203,0.80610455095804,6.0752438457966,32.098,6.47206699043374
2023-02-01,FTSE/JSE All Share,79476.6015625,79816.8671875,80474.0390625,79476.6015625,0,17.411399841308594,1927.800048828125,76.41000366210938,0.80610455095804,6.0752438457966,32.098,6.47206699043374
2023-02-02,FTSE/JSE All Share,79816.8671875,79802.09375,80273.3125,79501.8984375,0,16.997499465942383,1916.300048828125,75.87999725341797,0.80610455095804,6.0752438457966,32.098,6.47206699043374
2023-02-03,FTSE/JSE All Share,79802.09375,80240.921875,80303.4296875,79389.25,0,17.069000244140625,1862.9000244140625,73.38999938964844,0.80610455095804,6.0752438457966,32.098,6.47206699043374
2023-02-06,FTSE/JSE All Share,80240.921875,79582.828125,80240.921875,79267.609375,0,17.432100296020508,1866.199951171875,74.11000061035156,0.80610455095804,6.0752438457966,32.098,6.47206699043374
2023-02-07,FTSE/JSE All Share,79582.828125,79534.21875,79713.7890625,79178.84375,0,17.654499053955078,1871.699951171875,77.13999938964844,0.80610455095804,6.0752438457966,32.098,6.47206699043374
2023-02-08,FTSE/JSE All Share,79534.21875,79975.59375,80038.5234375,79534.21875,0,17.513700485229492,1877.4000244140625,78.47000122070312,0.80610455095804,6.0752438457966,32.098,6.47206699043374
2023-02-09,FTSE/JSE All Share,79975.59375,80021.09375,80400.03125,79975.59375,0,17.71954917907715,1866.199951171875,78.05999755859375,0.80610455095804,6.0752438457966,32.098,6.47206699043374
2023-02-10,FTSE/JSE All Share,80021.09375,78985.3515625,80021.09375,78730.1796875,0,17.7406005859375,1862.800048828125,79.72000122070312,0.80610455095804,6.0752438457966,32.098,6.47206699043374
2023-02-13,FTSE/JSE All Share,78985.3515625,79770.2109375,79770.2109375,78859.859375,0,17.921100616455078,1851.9000244140625,80.13999938964844,0.80610455095804,6.0752438457966,32.098,6.47206699043374
2023-02-14,FTSE/JSE All Share,79770.2109375,79858.0234375,80205.90625,79494.0703125,0,17.810400009155273,1854.0,79.05999755859375,0.80610455095804,6.0752438457966,32.098,6.47206699043374
2023-02-15,FTSE/JSE All Share,79858.0234375,79471.7578125,80265.109375,79275.5078125,0,17.86033058166504,1834.199951171875,78.58999633789062,0.80610455095804,6.0752438457966,32.098,6.47206699043374
2023-02-16,FTSE/JSE All Share,79471.7578125,80227.1875,80530.609375,79471.7578125,0,18.019739151000977,1842.0,78.48999786376953,0.80610455095804,6.0752438457966,32.098,6.47206699043374
2023-02-17,FTSE/JSE All Share,80227.1875,79271.78125,80227.1875,79175.1171875,0,18.122299194335938,1840.4000244140625,76.33999633789062,0.80610455095804,6.0752438457966,32.098,6.47206699043374
2023-02-20,FTSE/JSE All Share,79271.78125,79829.390625,79938.421875,79271.78125,0,18.03849983215332,,,0.80610455095804,6.0752438457966,32.098,6.47206699043374
2023-02-21,FTSE/JSE All Share,79829.390625,78811.046875,79829.390625,78613.09375,0,18.050579071044922,1833.0,76.16000366210938,0.80610455095804,6.0752438457966,32.098,6.47206699043374
2023-02-22,FTSE/JSE All Share,78811.046875,78170.140625,79028.1015625,78014.9609375,0,18.240299224853516,1832.0,73.94999694824219,0.80610455095804,6.0752438457966,32.098,6.47206699043374
2023-02-23,FTSE/JSE All Share,78170.140625,79010.828125,79217.7421875,78141.2890625,0,18.204700469970703,1818.0,75.38999938964844,0.80610455095804,6.0752438457966,32.098,6.47206699043374
2023-02-24,FTSE/JSE All Share,79010.828125,76937.7734375,79010.828125,76831.40625,0,18.202299118041992,1808.800048828125,76.31999969482422,0.80610455095804,6.0752438457966,32.098,6.47206699043374
2023-02-27,FTSE/JSE All Share,76937.7734375,77513.78125,77702.9375,76725.5078125,0,18.387500762939453,1817.0,75.68000030517578,0.80610455095804,6.0752438457966,32.098,6.47206699043374
2023-02-28,FTSE/JSE All Share,77513.78125,77733.8671875,78056.2109375,77028.6015625,0,18.380229949951172,1828.9000244140625,77.05000305175781,0.80610455095804,6.0752438457966,32.098,6.47206699043374
2023-03-01,FTSE/JSE All Share,77733.8671875,78631.453125,78994.1796875,77733.8671875,0,18.313499450683594,1837.699951171875,77.69000244140625,0.80610455095804,6.0752438457966,32.098,6.47206699043374
2023-03-02,FTSE/JSE All Share,78631.453125,77547.0078125,78879.453125,77158.1484375,0,18.096500396728516,1833.5,78.16000366210938,0.80610455095804,6.0752438457966,32.098,6.47206699043374
2023-03-03,FTSE/JSE All Share,77547.0078125,78293.0078125,78509.8125,77547.0078125,0,18.166400909423828,1847.699951171875,79.68000030517578,0.80610455095804,6.0752438457966,32.098,6.47206699043374
2023-03-06,FTSE/JSE All Share,78293.0078125,78697.828125,78747.828125,78269.546875,0,18.11750030517578,1847.9000244140625,80.45999908447266,0.80610455095804,6.0752438457966,32.098,6.47206699043374
2023-03-07,FTSE/JSE All Share,78697.828125,78556.5390625,78936.8984375,78436.1328125,0,18.17020034790039,1813.9000244140625,77.58000183105469,0.80610455095804,6.0752438457966,32.098,6.47206699043374
2023-03-08,FTSE/JSE All Share,78556.5390625,77741.828125,78556.5390625,77310.859375,0,18.3882999420166,1812.699951171875,76.66000366210938,0.80610455095804,6.0752438457966,32.098,6.47206699043374
2023-03-09,FTSE/JSE All Share,77741.828125,77664.046875,77785.5078125,76914.546875,0,18.52199935913086,1829.300048828125,75.72000122070312,0.80610455095804,6.0752438457966,32.098,6.47206699043374
2023-03-10,FTSE/JSE All Share,77664.046875,76454.359375,77664.046875,75763.6171875,0,18.560800552368164,1862.0,76.68000030517578,0.80610455095804,6.0752438457966,32.098,6.47206699043374
2023-03-13,FTSE/JSE All Share,76454.359375,75502.28125,77299.3203125,74631.1015625,0,18.197200775146484,1911.699951171875,74.80000305175781,0.80610455095804,6.0752438457966,32.098,6.47206699043374
2023-03-14,FTSE/JSE All Share,75502.28125,75008.6796875,75502.28125,74250.0390625,0,18.183900833129883,1906.199951171875,71.33000183105469,0.80610455095804,6.0752438457966,32.098,6.47206699043374
2023-03-15,FTSE/JSE All Share,75008.6796875,72895.5390625,75268.7421875,72534.7734375,0,18.10569953918457,1926.5999755859375,67.61000061035156,0.80610455095804,6.0752438457966,32.098,6.47206699043374
2023-03-16,FTSE/JSE All Share,72895.5390625,72905.5,73670.03125,72269.1796875,0,18.36479949951172,1919.0,68.3499984741211,0.80610455095804,6.0752438457966,32.098,6.47206699043374
2023-03-17,FTSE/JSE All Share,72905.5,72527.921875,74069.140625,72519.1875,0,18.338499069213867,1969.800048828125,66.73999786376953,0.80610455095804,6.0752438457966,32.098,6.47206699043374
2023-03-20,FTSE/JSE All Share,72527.921875,74271.0625,74298.3671875,71905.796875,0,18.467100143432617,1979.199951171875,67.63999938964844,0.80610455095804,6.0752438457966,32.098,6.47206699043374
2023-03-22,FTSE/JSE All Share,74271.0625,75243.4375,75243.4375,74271.0625,0,18.512569427490234,1946.800048828125,70.9000015258789,0.80610455095804,6.0752438457966,32.098,6.47206699043374
2023-03-23,FTSE/JSE All Share,75243.4375,75585.2265625,75658.4921875,75001.9921875,0,18.211200714111328,1993.800048828125,69.95999908447266,0.80610455095804,6.0752438457966,32.098,6.47206699043374
2023-03-24,FTSE/JSE All Share,75585.2265625,74695.0390625,75585.2265625,74047.1484375,0,18.066150665283203,1982.0999755859375,69.26000213623047,0.80610455095804,6.0752438457966,32.098,6.47206699043374
2023-03-27,FTSE/JSE All Share,74695.0390625,75283.6796875,75542.5234375,74695.0390625,0,18.146900177001953,1952.4000244140625,72.80999755859375,0.80610455095804,6.0752438457966,32.098,6.47206699043374
2023-03-28,FTSE/JSE All Share,75283.6796875,76047.34375,76437.03125,75283.6796875,0,18.28619956970215,1972.4000244140625,73.19999694824219,0.80610455095804,6.0752438457966,32.098,6.47206699043374
2023-03-29,FTSE/JSE All Share,76047.34375,76480.109375,76676.28125,75879.0390625,0,18.14349937438965,1966.0999755859375,72.97000122070312,0.80610455095804,6.0752438457966,32.098,6.47206699043374
2023-03-30,FTSE/JSE All Share,76480.109375,76704.6328125,77313.078125,76424.59375,0,18.08591079711914,1980.300048828125,74.37000274658203,0.80610455095804,6.0752438457966,32.098,6.47206699043374
2023-03-31,FTSE/JSE All Share,76704.6328125,76100.171875,77072.828125,76057.4921875,0,17.739900588989258,1969.0,75.66999816894531,0.80610455095804,6.0752438457966,32.098,6.47206699043374
2023-04-03,FTSE/JSE All Share,76100.171875,76614.9609375,76843.9765625,76100.171875,0,17.806249618530273,1983.9000244140625,80.41999816894531,0.80610455095804,6.0752438457966,32.098,6.47206699043374
2023-04-04,FTSE/JSE All Share,76614.9609375,77458.578125,77458.578125,76439.2421875,0,17.795799255371094,2022.199951171875,80.70999908447266,0.80610455095804,6.0752438457966,32.098,6.47206699043374
2023-04-05,FTSE/JSE All Share,77458.578125,76656.421875,77458.578125,76608.140625,0,17.88385009765625,2020.9000244140625,80.61000061035156,0.80610455095804,6.0752438457966,32.098,6.47206699043374
2023-04-06,FTSE/JSE All Share,76656.421875,77113.703125,77337.671875,76656.421875,0,18.06290054321289,2011.9000244140625,80.69999694824219,0.80610455095804,6.0752438457966,32.098,6.47206699043374
2023-04-11,FTSE/JSE All Share,77113.703125,77990.5390625,78434.6328125,77113.703125,0,18.482900619506836,2004.800048828125,81.52999877929688,0.80610455095804,6.0752438457966,32.098,6.47206699043374
2023-04-12,FTSE/JSE All Share,77990.5390625,77740.6875,78377.2265625,77646.46875,0,18.33625030517578,2010.9000244140625,83.26000213623047,0.80610455095804,6.0752438457966,32.098,6.47206699043374
2023-04-13,FTSE/JSE All Share,77740.6875,78462.7734375,78566.7890625,77740.6875,0,18.424089431762695,2041.300048828125,82.16000366210938,0.80610455095804,6.0752438457966,32.098,6.47206699043374
2023-04-14,FTSE/JSE All Share,78462.7734375,78870.359375,79203.5078125,78462.7734375,0,18.034799575805664,2002.199951171875,82.5199966430664,0.80610455095804,6.0752438457966,32.098,6.47206699043374
2023-04-17,FTSE/JSE All Share,78870.359375,78723.703125,79155.2109375,78596.4296875,0,18.095500946044922,1994.199951171875,80.83000183105469,0.80610455095804,6.0752438457966,32.098,6.47206699043374
2023-04-18,FTSE/JSE All Share,78723.703125,79294.7578125,79455.7109375,78723.703125,0,18.291400909423828,2007.4000244140625,80.86000061035156,0.80610455095804,6.0752438457966,32.098,6.47206699043374
2023-04-19,FTSE/JSE All Share,79294.7578125,78796.859375,79294.7578125,78257.828125,0,18.15850067138672,1995.199951171875,79.16000366210938,0.80610455095804,6.0752438457966,32.098,6.47206699043374
2023-04-20,FTSE/JSE All Share,78796.859375,78883.2578125,79037.6484375,78440.3203125,0,18.166200637817383,2007.5999755859375,77.29000091552734,0.80610455095804,6.0752438457966,32.098,6.47206699043374
2023-04-21,FTSE/JSE All Share,78883.2578125,77910.9609375,78883.2578125,77869.8203125,0,17.889400482177734,1979.5,77.87000274658203,0.80610455095804,6.0752438457966,32.098,6.47206699043374
2023-04-24,FTSE/JSE All Share,77910.9609375,78121.3671875,78447.8203125,77683.6796875,0,18.07710075378418,1989.0999755859375,78.76000213623047,0.80610455095804,6.0752438457966,32.098,6.47206699043374
2023-04-25,FTSE/JSE All Share,78121.3671875,77891.1328125,78123.453125,77650.703125,0,18.13960075378418,1994.0,77.06999969482422,0.80610455095804,6.0752438457966,32.098,6.47206699043374
2023-04-26,FTSE/JSE All Share,77891.1328125,78122.1171875,78262.03125,77283.8515625,0,18.317459106445312,1985.699951171875,74.30000305175781,0.80610455095804,6.0752438457966,32.098,6.47206699043374
2023-04-28,FTSE/JSE All Share,78122.1171875,78218.3671875,78327.09375,77273.6328125,0,18.268850326538086,1990.0999755859375,76.77999877929688,0.80610455095804,6.0752438457966,32.098,6.47206699043374
2023-05-02,FTSE/JSE All Share,78218.3671875,77532.8984375,78353.9375,77393.2890625,0,18.355600357055664,2014.300048828125,71.66000366210938,0.80610455095804,6.0752438457966,32.098,6.47206699043374
2023-05-03,FTSE/JSE All Share,77532.8984375,78218.6015625,78218.6015625,77532.8984375,0,18.46319007873535,2028.5999755859375,68.5999984741211,0.80610455095804,6.0752438457966,32.098,6.47206699043374
2023-05-04,FTSE/JSE All Share,78218.6015625,77271.1328125,78236.671875,77042.90625,0,18.272279739379883,2048.0,68.55999755859375,0.80610455095804,6.0752438457966,32.098,6.47206699043374
2023-05-05,FTSE/JSE All Share,77271.1328125,78132.7734375,78132.7734375,77271.1328125,0,18.280799865722656,2017.4000244140625,71.33999633789062,0.80610455095804,6.0752438457966,32.098,6.47206699043374
2023-05-08,FTSE/JSE All Share,78132.7734375,78572.328125,78868.7734375,78132.7734375,0,18.385950088500977,2026.300048828125,73.16000366210938,0.80610455095804,6.0752438457966,32.098,6.47206699043374
2023-05-09,FTSE/JSE All Share,78572.328125,77776.8671875,78572.328125,77546.40625,0,18.28285026550293,2036.199951171875,73.70999908447266,0.80610455095804,6.0752438457966,32.098,6.47206699043374
2023-05-10,FTSE/JSE All Share,77776.8671875,77775.0234375,78511.0625,77534.3125,0,18.596149444580078,2030.5,72.55999755859375,0.80610455095804,6.0752438457966,32.098,6.47206699043374
2023-05-11,FTSE/JSE All Share,77775.0234375,76997.15625,77979.6328125,76755.1484375,0,18.848400115966797,2014.699951171875,70.87000274658203,0.80610455095804,6.0752438457966,32.098,6.47206699043374
2023-05-12,FTSE/JSE All Share,76997.15625,78330.203125,78815.15625,76997.15625,0,19.170499801635742,2014.5,70.04000091552734,0.80610455095804,6.0752438457966,32.098,6.47206699043374
2023-05-15,FTSE/JSE All Share,78330.203125,78261.6484375,78731.96875,78132.21875,0,19.155799865722656,2018.0,71.11000061035156,0.80610455095804,6.0752438457966,32.098,6.47206699043374
2023-05-16,FTSE/JSE All Share,78261.6484375,77973.0234375,78684.4921875,77973.0234375,0,18.99690055847168,1988.4000244140625,70.86000061035156,0.80610455095804,6.0752438457966,32.098,6.47206699043374
2023-05-17,FTSE/JSE All Share,77973.0234375,78390.7421875,78390.7421875,77526.75,0,19.04960060119629,1980.699951171875,72.83000183105469,0.80610455095804,6.0752438457966,32.098,6.47206699043374
2023-05-18,FTSE/JSE All Share,78390.7421875,77667.9609375,78675.71875,77067.140625,0,19.233299255371094,1956.5,71.86000061035156,0.80610455095804,6.0752438457966,32.098,6.47206699043374
2023-05-19,FTSE/JSE All Share,77667.9609375,78175.8203125,78298.078125,77667.9609375,0,19.303850173950195,1978.699951171875,71.55000305175781,0.80610455095804,6.0752438457966,32.098,6.47206699043374
2023-05-22,FTSE/JSE All Share,78175.8203125,77962.7265625,78206.140625,77900.2109375,0,19.41200065612793,1974.800048828125,71.98999786376953,0.80610455095804,6.0752438457966,32.098,6.47206699043374
2023-05-23,FTSE/JSE All Share,77962.7265625,76748.2734375,77962.7265625,76741.359375,0,19.24850082397461,1972.4000244140625,72.91000366210938,0.80610455095804,6.0752438457966,32.098,6.47206699043374
2023-05-24,FTSE/JSE All Share,76748.2734375,75621.8984375,76748.2734375,75509.75,0,19.166799545288086,1962.800048828125,74.33999633789062,0.80610455095804,6.0752438457966,32.098,6.47206699043374
2023-05-25,FTSE/JSE All Share,75621.8984375,76174.609375,76531.2734375,75373.8984375,0,19.227100372314453,1943.0999755859375,71.83000183105469,0.80610455095804,6.0752438457966,32.098,6.47206699043374
2023-05-26,FTSE/JSE All Share,76174.609375,76589.5390625,76672.4921875,75584.90625,0,19.774499893188477,1944.0999755859375,72.66999816894531,0.80610455095804,6.0752438457966,32.098,6.47206699043374
2023-05-29,FTSE/JSE All Share,76589.5390625,76613.3515625,76843.3984375,76448.078125,0,19.64480972290039,,,0.80610455095804,6.0752438457966,32.098,6.47206699043374
2023-05-30,FTSE/JSE All Share,76613.3515625,75939.4609375,77179.59375,75938.40625,0,19.629989624023438,1958.0,69.45999908447266,0.80610455095804,6.0752438457966,32.098,6.47206699043374
2023-05-31,FTSE/JSE All Share,75939.4609375,75067.46875,76110.6875,74826.1875,0,19.652910232543945,1963.9000244140625,68.08999633789062,0.80610455095804,6.0752438457966,32.098,6.47206699043374
2023-06-01,FTSE/JSE All Share,75067.46875,75783.25,76061.390625,75067.46875,0,19.694950103759766,1978.0,70.0999984741211,0.80610455095804,6.0752438457966,32.098,6.47206699043374
2023-06-02,FTSE/JSE All Share,75783.25,77126.0625,77417.109375,75783.25,0,19.61090087890625,1952.4000244140625,71.73999786376953,0.80610455095804,6.0752438457966,32.098,6.47206699043374
2023-06-05,FTSE/JSE All Share,77126.0625,76602.84375,77126.0625,76372.46875,0,19.516000747680664,1958.0,72.1500015258789,0.80610455095804,6.0752438457966,32.098,6.47206699043374
2023-06-06,FTSE/JSE All Share,76602.84375,76840.109375,76840.109375,76056.296875,0,19.241199493408203,1965.5,71.73999786376953,0.80610455095804,6.0752438457966,32.098,6.47206699043374
2023-06-07,FTSE/JSE All Share,76840.109375,77125.8515625,77474.8203125,76640.859375,0,19.168800354003906,1942.699951171875,72.52999877929688,0.80610455095804,6.0752438457966,32.098,6.47206699043374
2023-06-08,FTSE/JSE All Share,77125.8515625,77015.2109375,77355.1171875,76671.640625,0,19.06744956970215,1963.5999755859375,71.29000091552734,0.80610455095804,6.0752438457966,32.098,6.47206699043374
2023-06-09,FTSE/JSE All Share,77015.2109375,76936.109375,77282.8515625,76715.078125,0,18.8221492767334,1962.199951171875,70.16999816894531,0.80610455095804,6.0752438457966,32.098,6.47206699043374
2023-06-12,FTSE/JSE All Share,76936.109375,76282.1328125,77136.0703125,76185.796875,0,18.68185043334961,1955.300048828125,67.12000274658203,0.80610455095804,6.0752438457966,32.098,6.47206699043374
2023-06-13,FTSE/JSE All Share,76282.1328125,77827.7265625,77869.6875,76282.1328125,0,18.54598045349121,1944.5999755859375,69.41999816894531,0.80610455095804,6.0752438457966,32.098,6.47206699043374
2023-06-14,FTSE/JSE All Share,77827.7265625,78060.21875,78200.8984375,77706.640625,0,18.600200653076172,1955.300048828125,68.2699966430664,0.80610455095804,6.0752438457966,32.098,6.47206699043374
2023-06-15,FTSE/JSE All Share,78060.21875,78531.8125,78595.25,77416.2890625,0,18.300600051879883,1957.800048828125,70.62000274658203,0.80610455095804,6.0752438457966,32.098,6.47206699043374
2023-06-19,FTSE/JSE All Share,78531.8125,78014.3515625,78531.8125,77613.578125,0,18.199600219726562,,,0.80610455095804,6.0752438457966,32.098,6.47206699043374
2023-06-20,FTSE/JSE All Share,78014.3515625,76769.21875,78014.3515625,76744.8203125,0,18.147829055786133,1935.5,70.5,0.80610455095804,6.0752438457966,32.098,6.47206699043374
2023-06-21,FTSE/JSE All Share,76769.21875,75629.8828125,76769.21875,75504.109375,0,18.368900299072266,1933.300048828125,72.52999877929688,0.80610455095804,6.0752438457966,32.098,6.47206699043374
2023-06-22,FTSE/JSE All Share,75629.8828125,75105.7890625,75629.8828125,74807.828125,0,18.287870407104492,1912.699951171875,69.51000213623047,0.80610455095804,6.0752438457966,32.098,6.47206699043374
2023-06-23,FTSE/JSE All Share,75105.7890625,74402.8984375,75125.546875,73805.296875,0,18.4950008392334,1919.0999755859375,69.16000366210938,0.80610455095804,6.0752438457966,32.098,6.47206699043374
2023-06-26,FTSE/JSE All Share,74402.8984375,74265.0390625,74680.7421875,74006.6328125,0,18.73200035095215,1923.699951171875,69.37000274658203,0.80610455095804,6.0752438457966,32.098,6.47206699043374
2023-06-27,FTSE/JSE All Share,74265.0390625,74543.4765625,75182.2265625,74159.9375,0,18.645700454711914,1914.0,67.69999694824219,0.80610455095804,6.0752438457966,32.098,6.47206699043374
2023-06-28,FTSE/JSE All Share,74543.4765625,74831.109375,75168.8515625,74542.8203125,0,18.50830078125,1912.300048828125,69.55999755859375,0.80610455095804,6.0752438457966,32.098,6.47206699043374
2023-06-29,FTSE/JSE All Share,74831.109375,74892.5078125,75006.1171875,74548.2109375,0,18.62380027770996,1909.199951171875,69.86000061035156,0.80610455095804,6.0752438457966,32.098,6.47206699043374
2023-06-30,FTSE/JSE All Share,74892.5078125,76027.828125,76223.09375,74875.6328125,0,18.749500274658203,1921.0999755859375,70.63999938964844,0.80610455095804,6.0752438457966,32.098,6.47206699043374
2023-07-03,FTSE/JSE All Share,76027.828125,76233.9296875,76458.1484375,75960.890625,0,18.8262996673584,1921.699951171875,69.79000091552734,0.80610455095804,6.0752438457966,32.098,6.47206699043374
2023-07-04,FTSE/JSE All Share,76233.9296875,76223.703125,76393.953125,76055.703125,0,18.736299514770508,,,0.80610455095804,6.0752438457966,32.098,6.47206699043374
2023-07-05,FTSE/JSE All Share,76223.703125,75909.4921875,76223.703125,75554.140625,0,18.63129997253418,1919.5999755859375,71.79000091552734,0.80610455095804,6.0752438457966,32.098,6.47206699043374
2023-07-06,FTSE/JSE All Share,75909.4921875,74113.21875,75909.4921875,73993.546875,0,18.758499145507812,1908.699951171875,71.80000305175781,0.80610455095804,6.0752438457966,32.098,6.47206699043374
2023-07-07,FTSE/JSE All Share,74113.21875,74823.0234375,74878.921875,74113.21875,0,19.08489990234375,1926.199951171875,73.86000061035156,0.80610455095804,6.0752438457966,32.098,6.47206699043374
2023-07-10,FTSE/JSE All Share,74823.0234375,74345.9765625,74823.0234375,73915.390625,0,18.80699920654297,1925.0,72.98999786376953,0.80610455095804,6.0752438457966,32.098,6.47206699043374
2023-07-11,FTSE/JSE All Share,74345.9765625,74876.59375,75123.3984375,74345.9765625,0,18.769899368286133,1931.300048828125,74.83000183105469,0.80610455095804,6.0752438457966,32.098,6.47206699043374
2023-07-12,FTSE/JSE All Share,74876.59375,76544.7890625,76544.7890625,74813.40625,0,18.448200225830078,1956.199951171875,75.75,0.80610455095804,6.0752438457966,32.098,6.47206699043374
2023-07-13,FTSE/JSE All Share,76544.7890625,77317.2578125,77570.0625,76530.5390625,0,18.122699737548828,1959.199951171875,76.88999938964844,0.80610455095804,6.0752438457966,32.098,6.47206699043374
2023-07-14,FTSE/JSE All Share,77317.2578125,77750.5078125,77901.09375,77125.3984375,0,17.91230010986328,1960.0999755859375,75.41999816894531,0.80610455095804,6.0752438457966,32.098,6.47206699043374
2023-07-17,FTSE/JSE All Share,77750.5078125,77253.5078125,77750.5078125,76791.71875,0,18.078899383544922,1952.4000244140625,74.1500015258789,0.80610455095804,6.0752438457966,32.098,6.47206699043374
2023-07-18,FTSE/JSE All Share,77253.5078125,77098.546875,77253.5078125,76670.4921875,0,18.020200729370117,1977.199951171875,75.75,0.80610455095804,6.0752438457966,32.098,6.47206699043374
2023-07-19,FTSE/JSE All Share,77098.546875,77080.96875,77215.171875,76794.0390625,0,17.864500045776367,1977.5,75.3499984741211,0.80610455095804,6.0752438457966,32.098,6.47206699043374
2023-07-20,FTSE/JSE All Share,77080.96875,77016.828125,77319.2734375,76831.9609375,0,17.833669662475586,1968.300048828125,75.62999725341797,0.80610455095804,6.0752438457966,32.098,6.47206699043374
2023-07-21,FTSE/JSE All Share,77016.828125,76826.6328125,77065.4765625,76729.9609375,0,17.909910202026367,1964.300048828125,77.06999969482422,0.80610455095804,6.0752438457966,32.098,6.47206699043374
2023-07-24,FTSE/JSE All Share,76826.6328125,76766.0703125,77168.0,76542.59375,0,17.940099716186523,1960.300048828125,78.73999786376953,0.80610455095804,6.0752438457966,32.098,6.47206699043374
2023-07-25,FTSE/JSE All Share,76766.0703125,77525.6171875,77627.390625,76766.0703125,0,17.725130081176758,1962.0999755859375,79.62999725341797,0.80610455095804,6.0752438457966,32.098,6.47206699043374
2023-07-26,FTSE/JSE All Share,77525.6171875,77546.3828125,77637.109375,77219.640625,0,17.52050018310547,1968.9000244140625,78.77999877929688,0.80610455095804,6.0752438457966,32.098,6.47206699043374
2023-07-27,FTSE/JSE All Share,77546.3828125,78267.25,78414.3203125,77525.6328125,0,17.61009979248047,1945.4000244140625,80.08999633789062,0.80610455095804,6.0752438457966,32.098,6.47206699043374
2023-07-28,FTSE/JSE All Share,78267.25,78506.8984375,78612.34375,78130.8984375,0,17.78904914855957,1960.4000244140625,80.58000183105469,0.80610455095804,6.0752438457966,32.098,6.47206699043374
2023-07-31,FTSE/JSE All Share,78506.8984375,78977.890625,78981.890625,78176.0234375,0,17.597999572753906,1970.5,81.80000305175781,0.80610455095804,6.0752438457966,32.098,6.47206699043374
2023-08-01,FTSE/JSE All Share,78977.890625,78641.90625,79212.40625,78560.546875,0,17.855199813842773,1940.699951171875,81.37000274658203,0.80610455095804,6.0752438457966,32.098,6.47206699043374
2023-08-02,FTSE/JSE All Share,78641.90625,76477.21875,78641.90625,76477.21875,0,18.240190505981445,1937.4000244140625,79.48999786376953,0.80610455095804,6.0752438457966,32.098,6.47206699043374
2023-08-03,FTSE/JSE All Share,76477.21875,76747.203125,76747.203125,75634.0,0,18.442699432373047,1932.0,81.55000305175781,0.80610455095804,6.0752438457966,32.098,6.47206699043374
2023-08-04,FTSE/JSE All Share,76747.203125,76960.609375,77118.4765625,76368.421875,0,18.638999938964844,1939.5999755859375,82.81999969482422,0.80610455095804,6.0752438457966,32.098,6.47206699043374
2023-08-07,FTSE/JSE All Share,76960.609375,77013.7421875,77280.03125,76702.2109375,0,18.438800811767578,1933.5,81.94000244140625,0.80610455095804,6.0752438457966,32.098,6.47206699043374
2023-08-08,FTSE/JSE All Share,77013.7421875,76837.4375,77036.171875,76542.2109375,0,18.696800231933594,1924.0999755859375,82.91999816894531,0.80610455095804,6.0752438457966,32.098,6.47206699043374
2023-08-10,FTSE/JSE All Share,76837.4375,77749.6796875,78140.6484375,76837.4375,0,18.951419830322266,1914.4000244140625,82.81999969482422,0.80610455095804,6.0752438457966,32.098,6.47206699043374
2023-08-11,FTSE/JSE All Share,77749.6796875,76974.2578125,77749.6796875,76923.328125,0,18.819900512695312,1912.9000244140625,83.19000244140625,0.80610455095804,6.0752438457966,32.098,6.47206699043374
2023-08-14,FTSE/JSE All Share,76974.2578125,76160.8671875,77012.5078125,75813.59375,0,18.923200607299805,1910.5999755859375,82.51000213623047,0.80610455095804,6.0752438457966,32.098,6.47206699043374
2023-08-15,FTSE/JSE All Share,76160.8671875,75590.7734375,76311.53125,75347.0078125,0,19.064899444580078,1902.5,80.98999786376953,0.80610455095804,6.0752438457966,32.098,6.47206699043374
2023-08-16,FTSE/JSE All Share,75590.7734375,74914.5234375,75590.7734375,74453.1015625,0,19.137699127197266,1896.0999755859375,79.37999725341797,0.80610455095804,6.0752438457966,32.098,6.47206699043374
2023-08-17,FTSE/JSE All Share,74914.5234375,74375.21875,75344.5703125,74159.1484375,0,19.174489974975586,1884.0999755859375,80.38999938964844,0.80610455095804,6.0752438457966,32.098,6.47206699043374
2023-08-18,FTSE/JSE All Share,74375.21875,73080.8671875,74375.21875,72890.8203125,0,19.05139923095703,1886.0999755859375,81.25,0.80610455095804,6.0752438457966,32.098,6.47206699043374
2023-08-21,FTSE/JSE All Share,73080.8671875,73760.2109375,73990.6484375,73080.8671875,0,18.967199325561523,1893.300048828125,80.72000122070312,0.80610455095804,6.0752438457966,32.098,6.47206699043374
2023-08-22,FTSE/JSE All Share,73760.2109375,73277.8828125,74300.8125,73112.6328125,0,18.940000534057617,1896.4000244140625,80.3499984741211,0.80610455095804,6.0752438457966,32.098,6.47206699043374
2023-08-23,FTSE/JSE All Share,73277.8828125,74022.578125,74050.1328125,73277.8828125,0,18.76995086669922,1918.5,78.88999938964844,0.80610455095804,6.0752438457966,32.098,6.47206699043374
2023-08-24,FTSE/JSE All Share,74022.578125,74301.5625,74937.609375,74022.578125,0,18.454099655151367,1918.199951171875,79.05000305175781,0.80610455095804,6.0752438457966,32.098,6.47206699043374
2023-08-25,FTSE/JSE All Share,74301.5625,73836.0078125,74738.5703125,73836.0078125,0,18.790630340576172,1911.0999755859375,79.83000183105469,0.80610455095804,6.0752438457966,32.098,6.47206699043374
2023-08-28,FTSE/JSE All Share,73836.0078125,75079.609375,75103.6171875,73836.0078125,0,18.61829948425293,1917.9000244140625,80.0999984741211,0.80610455095804,6.0752438457966,32.098,6.47206699043374
2023-08-29,FTSE/JSE All Share,75079.609375,74776.1796875,75079.609375,74485.578125,0,18.55430030822754,1936.5,81.16000366210938,0.80610455095804,6.0752438457966,32.098,6.47206699043374
2023-08-30,FTSE/JSE All Share,74776.1796875,75256.1875,75296.171875,74776.1796875,0,18.448299407958984,1944.300048828125,81.62999725341797,0.80610455095804,6.0752438457966,32.098,6.47206699043374
2023-08-31,FTSE/JSE All Share,75256.1875,74953.7265625,75332.078125,74883.4375,0,18.693910598754883,1938.199951171875,83.62999725341797,0.80610455095804,6.0752438457966,32.098,6.47206699043374
2023-09-01,FTSE/JSE All Share,74953.7265625,74786.7890625,75406.609375,74591.0625,0,18.831050872802734,1939.800048828125,85.55000305175781,0.80610455095804,6.0752438457966,32.098,6.47206699043374
2023-09-04,FTSE/JSE All Share,74786.7890625,75375.21875,75667.7734375,74786.7890625,0,18.79694938659668,,,0.80610455095804,6.0752438457966,32.098,6.47206699043374
2023-09-05,FTSE/JSE All Share,75375.21875,75016.0,75375.21875,74471.5703125,0,19.098100662231445,1926.199951171875,86.69000244140625,0.80610455095804,6.0752438457966,32.098,6.47206699043374
2023-09-06,FTSE/JSE All Share,75016.0,74411.0234375,75016.0,74138.3828125,0,19.117799758911133,1918.0999755859375,87.54000091552734,0.80610455095804,6.0752438457966,32.098,6.47206699043374
2023-09-07,FTSE/JSE All Share,74411.0234375,73185.1171875,74411.0234375,73150.7265625,0,19.202199935913086,1917.5,86.87000274658203,0.80610455095804,6.0752438457966,32.098,6.47206699043374
2023-09-08,FTSE/JSE All Share,73185.1171875,73652.671875,73654.171875,72964.6796875,0,19.130800247192383,1918.4000244140625,87.51000213623047,0.80610455095804,6.0752438457966,32.098,6.47206699043374
2023-09-11,FTSE/JSE All Share,73652.671875,74106.1796875,74606.3125,73652.671875,0,19.064199447631836,1923.300048828125,87.29000091552734,0.80610455095804,6.0752438457966,32.098,6.47206699043374
2023-09-12,FTSE/JSE All Share,74106.1796875,74086.6171875,74194.96875,73606.4296875,0,18.84149932861328,1911.300048828125,88.83999633789062,0.80610455095804,6.0752438457966,32.098,6.47206699043374
2023-09-13,FTSE/JSE All Share,74086.6171875,73302.5625,74086.6171875,72826.0625,0,18.92310905456543,1909.0999755859375,88.5199966430664,0.80610455095804,6.0752438457966,32.098,6.47206699043374
2023-09-14,FTSE/JSE All Share,73302.5625,74354.3671875,74354.3671875,73296.203125,0,18.80760955810547,1910.0,90.16000366210938,0.80610455095804,6.0752438457966,32.098,6.47206699043374
2023-09-15,FTSE/JSE All Share,74354.3671875,74589.8125,75016.0234375,74354.3671875,0,19.02672004699707,1923.699951171875,90.7699966430664,0.80610455095804,6.0752438457966,32.098,6.47206699043374
2023-09-18,FTSE/JSE All Share,74589.8125,73908.03125,74760.90625,73736.8984375,0,18.976980209350586,1931.5,91.4800033569336,0.80610455095804,6.0752438457966,32.098,6.47206699043374
2023-09-19,FTSE/JSE All Share,73908.03125,73806.421875,74169.078125,73665.8671875,0,19.005699157714844,1932.0,91.19999694824219,0.80610455095804,6.0752438457966,32.098,6.47206699043374
2023-09-20,FTSE/JSE All Share,73806.421875,74824.09375,74824.09375,73704.1484375,0,18.905000686645508,1945.5999755859375,90.27999877929688,0.80610455095804,6.0752438457966,32.098,6.47206699043374
2023-09-21,FTSE/JSE All Share,74824.09375,73238.109375,74824.09375,72937.2109375,0,18.850400924682617,1919.199951171875,89.62999725341797,0.80610455095804,6.0752438457966,32.098,6.47206699043374
2023-09-22,FTSE/JSE All Share,73238.109375,73398.78125,73731.28125,73238.109375,0,18.95039939880371,1925.4000244140625,90.02999877929688,0.80610455095804,6.0752438457966,32.098,6.47206699043374
2023-09-26,FTSE/JSE All Share,73398.78125,72652.1015625,73398.78125,71661.7109375,0,18.766300201416016,1900.4000244140625,90.38999938964844,0.80610455095804,6.0752438457966,32.098,6.47206699043374
2023-09-27,FTSE/JSE All Share,72652.1015625,72174.140625,72952.7109375,72162.5078125,0,19.061100006103516,1871.5999755859375,93.68000030517578,0.80610455095804,6.0752438457966,32.098,6.47206699043374
2023-09-28,FTSE/JSE All Share,72174.140625,72505.9921875,72505.9921875,71935.7265625,0,19.198400497436523,1860.4000244140625,91.70999908447266,0.80610455095804,6.0752438457966,32.098,6.47206699043374
2023-09-29,FTSE/JSE All Share,72505.9921875,72382.890625,73190.6328125,72300.03125,0,18.97266960144043,1848.0999755859375,90.79000091552734,0.80610455095804,6.0752438457966,32.098,6.47206699043374
2023-10-02,FTSE/JSE All Share,72382.890625,71238.0625,72567.71875,71238.0625,0,18.879199981689453,1830.0,88.81999969482422,0.80610455095804,6.0752438457966,32.098,6.47206699043374
2023-10-03,FTSE/JSE All Share,71238.0625,70773.2109375,71650.21875,70461.2421875,0,19.211999893188477,1824.5999755859375,89.2300033569336,0.80610455095804,6.0752438457966,32.098,6.47206699043374
2023-10-04,FTSE/JSE All Share,70773.2109375,70564.6875,71208.8203125,70271.4765625,0,19.298099517822266,1818.5,84.22000122070312,0.80610455095804,6.0752438457966,32.098,6.47206699043374
2023-10-05,FTSE/JSE All Share,70564.6875,71249.59375,71387.0234375,70511.15625,0,19.319599151611328,1816.5999755859375,82.30999755859375,0.80610455095804,6.0752438457966,32.098,6.47206699043374
2023-10-06,FTSE/JSE All Share,71249.59375,71657.25,71657.25,70848.140625,0,19.507299423217773,1830.199951171875,82.79000091552734,0.80610455095804,6.0752438457966,32.098,6.47206699043374
2023-10-09,FTSE/JSE All Share,71657.25,71648.390625,72262.7578125,71285.4375,0,19.356670379638672,1849.5,86.37999725341797,0.80610455095804,6.0752438457966,32.098,6.47206699043374
2023-10-10,FTSE/JSE All Share,71648.390625,73840.5,73840.5,71648.390625,0,19.138900756835938,1861.0,85.97000122070312,0.80610455095804,6.0752438457966,32.098,6.47206699043374
2023-10-11,FTSE/JSE All Share,73840.5,73849.53125,73936.828125,73368.3203125,0,19.00029945373535,1872.800048828125,83.48999786376953,0.80610455095804,6.0752438457966,32.098,6.47206699043374
2023-10-12,FTSE/JSE All Share,73849.53125,73390.8125,74382.25,73155.671875,0,18.809789657592773,1869.300048828125,82.91000366210938,0.80610455095804,6.0752438457966,32.098,6.47206699043374
2023-10-13,FTSE/JSE All Share,73390.8125,72919.71875,73390.8125,72804.7421875,0,19.011600494384766,1927.4000244140625,87.69000244140625,0.80610455095804,6.0752438457966,32.098,6.47206699043374
2023-10-16,FTSE/JSE All Share,72919.71875,73146.75,73156.953125,72372.96875,0,18.971750259399414,1921.0999755859375,86.66000366210938,0.80610455095804,6.0752438457966,32.098,6.47206699043374
2023-10-17,FTSE/JSE All Share,73146.75,72831.796875,73146.75,72230.8671875,0,18.77475929260254,1922.699951171875,86.66000366210938,0.80610455095804,6.0752438457966,32.098,6.47206699043374
2023-10-18,FTSE/JSE All Share,72831.796875,71968.671875,72924.25,71762.171875,0,18.793899536132812,1955.300048828125,88.31999969482422,0.80610455095804,6.0752438457966,32.098,6.47206699043374
2023-10-19,FTSE/JSE All Share,71968.671875,70961.328125,71968.671875,70961.328125,0,18.971750259399414,1968.4000244140625,89.37000274658203,0.80610455095804,6.0752438457966,32.098,6.47206699043374
2023-10-20,FTSE/JSE All Share,70961.328125,70198.0078125,70961.328125,70067.9921875,0,19.00149917602539,1982.5,88.75,0.80610455095804,6.0752438457966,32.098,6.47206699043374
2023-10-23,FTSE/JSE All Share,70198.0078125,70100.28125,70306.3984375,69631.15625,0,18.970500946044922,1976.300048828125,85.48999786376953,0.80610455095804,6.0752438457966,32.098,6.47206699043374
2023-10-24,FTSE/JSE All Share,70100.28125,70578.25,70578.25,70051.96875,0,18.951120376586914,1975.0,83.73999786376953,0.80610455095804,6.0752438457966,32.098,6.47206699043374
2023-10-25,FTSE/JSE All Share,70578.25,70274.34375,70578.25,69931.453125,0,19.009899139404297,1984.0999755859375,85.38999938964844,0.80610455095804,6.0752438457966,32.098,6.47206699043374
2023-10-26,FTSE/JSE All Share,70274.34375,69930.5234375,70274.34375,69496.5625,0,19.12700080871582,1987.199951171875,83.20999908447266,0.80610455095804,6.0752438457966,32.098,6.47206699043374
2023-10-27,FTSE/JSE All Share,69930.5234375,69451.96875,70279.609375,69440.4296875,0,18.93269920349121,1988.5999755859375,85.54000091552734,0.80610455095804,6.0752438457966,32.098,6.47206699043374
2023-10-30,FTSE/JSE All Share,69451.96875,69871.15625,70090.1015625,69451.96875,0,18.76535987854004,1996.199951171875,82.30999755859375,0.80610455095804,6.0752438457966,32.098,6.47206699043374
2023-10-31,FTSE/JSE All Share,69871.15625,69653.4375,70387.6875,69439.3828125,0,18.834699630737305,1985.199951171875,81.0199966430664,0.80610455095804,6.0752438457966,32.098,6.47206699043374
2023-11-01,FTSE/JSE All Share,69653.4375,69740.296875,69893.609375,69128.4921875,0,18.617799758911133,1978.800048828125,80.44000244140625,0.80610455095804,6.0752438457966,32.098,6.47206699043374
2023-11-02,FTSE/JSE All Share,69740.296875,71383.921875,71383.921875,69740.296875,0,18.44729995727539,1985.5999755859375,82.45999908447266,0.80610455095804,6.0752438457966,32.098,6.47206699043374
2023-11-03,FTSE/JSE All Share,71383.921875,72856.1796875,73097.7109375,71383.921875,0,18.402099609375,1991.5,80.51000213623047,0.80610455095804,6.0752438457966,32.098,6.47206699043374
2023-11-06,FTSE/JSE All Share,72856.1796875,73293.6875,73501.0390625,72856.1796875,0,18.26289939880371,1981.5999755859375,80.81999969482422,0.80610455095804,6.0752438457966,32.098,6.47206699043374
2023-11-07,FTSE/JSE All Share,73293.6875,71572.9921875,73293.6875,71408.5078125,0,18.29010009765625,1966.800048828125,77.37000274658203,0.80610455095804,6.0752438457966,32.098,6.47206699043374
2023-11-08,FTSE/JSE All Share,71572.9921875,72465.6328125,72465.6328125,71436.7734375,0,18.333499908447266,1951.5,75.33000183105469,0.80610455095804,6.0752438457966,32.098,6.47206699043374
2023-11-09,FTSE/JSE All Share,72465.6328125,72226.671875,72465.6328125,71619.9921875,0,18.48189926147461,1964.199951171875,75.73999786376953,0.80610455095804,6.0752438457966,32.098,6.47206699043374
2023-11-10,FTSE/JSE All Share,72226.671875,71393.296875,72226.671875,71002.0078125,0,18.65369987487793,1932.5999755859375,77.16999816894531,0.80610455095804,6.0752438457966,32.098,6.47206699043374
2023-11-13,FTSE/JSE All Share,71393.296875,71633.171875,71936.9765625,71393.296875,0,18.726430892944336,1945.5,78.26000213623047,0.80610455095804,6.0752438457966,32.098,6.47206699043374
2023-11-14,FTSE/JSE All Share,71633.171875,73443.5,73672.2109375,71633.171875,0,18.674400329589844,1961.800048828125,78.26000213623047,0.80610455095804,6.0752438457966,32.098,6.47206699043374
2023-11-15,FTSE/JSE All Share,73443.5,74800.2890625,75388.640625,73443.5,0,18.22150993347168,1960.0999755859375,76.66000366210938,0.80610455095804,6.0752438457966,32.098,6.47206699043374
2023-11-16,FTSE/JSE All Share,74800.2890625,73736.609375,74800.2890625,73282.0703125,0,18.179100036621094,1983.9000244140625,72.9000015258789,0.80610455095804,6.0752438457966,32.098,6.47206699043374
2023-11-17,FTSE/JSE All Share,73736.609375,73920.75,74135.4609375,73423.40625,0,18.36479949951172,1981.5999755859375,75.88999938964844,0.80610455095804,6.0752438457966,32.098,6.47206699043374
2023-11-20,FTSE/JSE All Share,73920.75,74321.4765625,74325.8203125,73920.75,0,18.333599090576172,1977.699951171875,77.5999984741211,0.80610455095804,6.0752438457966,32.098,6.47206699043374
2023-11-21,FTSE/JSE All Share,74321.4765625,74270.7421875,74677.390625,73922.578125,0,18.323789596557617,1999.300048828125,77.7699966430664,0.80610455095804,6.0752438457966,32.098,6.47206699043374
2023-11-22,FTSE/JSE All Share,74270.7421875,74763.9609375,74985.2421875,74184.6875,0,18.60733985900879,1991.4000244140625,77.0999984741211,0.80610455095804,6.0752438457966,32.098,6.47206699043374
2023-11-23,FTSE/JSE All Share,74763.9609375,75438.7109375,75681.0,74763.9609375,0,18.870590209960938,,,0.80610455095804,6.0752438457966,32.098,6.47206699043374
2023-11-24,FTSE/JSE All Share,75438.7109375,75712.3984375,75712.3984375,74955.796875,0,18.80643081665039,2002.199951171875,75.54000091552734,0.80610455095804,6.0752438457966,32.098,6.47206699043374
2023-11-27,FTSE/JSE All Share,75712.3984375,75369.8828125,75712.3984375,75309.75,0,18.78289031982422,2011.800048828125,74.86000061035156,0.80610455095804,6.0752438457966,32.098,6.47206699043374
2023-11-28,FTSE/JSE All Share,75369.8828125,75589.1796875,75610.859375,74992.1796875,0,18.642900466918945,2039.699951171875,76.41000366210938,0.80610455095804,6.0752438457966,32.098,6.47206699043374
2023-11-29,FTSE/JSE All Share,75589.1796875,75241.40625,75646.6875,75192.75,0,18.572799682617188,2047.0999755859375,77.86000061035156,0.80610455095804,6.0752438457966,32.098,6.47206699043374
2023-11-30,FTSE/JSE All Share,75241.40625,75534.359375,75921.2734375,75241.40625,0,18.729299545288086,2038.0999755859375,75.95999908447266,0.80610455095804,6.0752438457966,32.098,6.47206699043374
2023-12-01,FTSE/JSE All Share,75534.359375,75705.8515625,76188.3125,75318.5078125,0,18.83856964111328,2071.0,74.06999969482422,0.80610455095804,6.0752438457966,32.098,6.47206699043374
2023-12-04,FTSE/JSE All Share,75705.8515625,75941.0625,76089.5234375,75511.4296875,0,18.58839988708496,2024.0999755859375,73.04000091552734,0.80610455095804,6.0752438457966,32.098,6.47206699043374
2023-12-05,FTSE/JSE All Share,75941.0625,75215.4921875,75941.0625,75062.2421875,0,18.797170639038086,2018.5,72.31999969482422,0.80610455095804,6.0752438457966,32.098,6.47206699043374
2023-12-06,FTSE/JSE All Share,75215.4921875,75400.6171875,75855.140625,75215.4921875,0,18.948999404907227,2030.5,69.37999725341797,0.80610455095804,6.0752438457966,32.098,6.47206699043374
2023-12-07,FTSE/JSE All Share,75400.6171875,74787.0390625,75400.6171875,74662.4765625,0,18.960559844970703,2029.9000244140625,69.33999633789062,0.80610455095804,6.0752438457966,32.098,6.47206699043374
2023-12-08,FTSE/JSE All Share,74787.0390625,73790.8515625,74907.9765625,73710.4296875,0,18.80590057373047,1998.300048828125,71.2300033569336,0.80610455095804,6.0752438457966,32.098,6.47206699043374
2023-12-11,FTSE/JSE All Share,73790.8515625,73892.296875,73892.296875,73192.578125,0,18.903989791870117,1978.0,71.31999969482422,0.80610455095804,6.0752438457966,32.098,6.47206699043374
2023-12-12,FTSE/JSE All Share,73892.296875,72621.84375,74640.96875,72621.84375,0,19.072500228881836,1977.800048828125,68.61000061035156,0.80610455095804,6.0752438457966,32.098,6.47206699043374
2023-12-13,FTSE/JSE All Share,72621.84375,72640.5078125,73016.9296875,72337.0703125,0,18.924299240112305,1982.300048828125,69.47000122070312,0.80610455095804,6.0752438457966,32.098,6.47206699043374
2023-12-14,FTSE/JSE All Share,72640.5078125,75289.859375,75572.0390625,72640.5078125,0,18.652429580688477,2030.199951171875,71.58000183105469,0.80610455095804,6.0752438457966,32.098,6.47206699043374
2023-12-18,FTSE/JSE All Share,75289.859375,74301.59375,75289.859375,74301.59375,0,18.28679084777832,2026.300048828125,72.47000122070312,0.80610455095804,6.0752438457966,32.098,6.47206699043374
2023-12-19,FTSE/JSE All Share,74301.59375,74842.59375,74842.59375,73999.0390625,0,18.57699966430664,2038.4000244140625,73.44000244140625,0.80610455095804,6.0752438457966,32.098,6.47206699043374
2023-12-20,FTSE/JSE All Share,74842.59375,74893.5,75484.9375,74751.71875,0,18.32509994506836,2034.5,74.22000122070312,0.80610455095804,6.0752438457966,32.098,6.47206699043374
2023-12-21,FTSE/JSE All Share,74893.5,75412.9296875,75441.0703125,74344.8671875,0,18.252349853515625,2039.0999755859375,73.88999938964844,0.80610455095804,6.0752438457966,32.098,6.47206699043374
2023-12-22,FTSE/JSE All Share,75412.9296875,74379.5703125,75412.9296875,74038.4375,0,18.16320037841797,2057.10009765625,73.55999755859375,0.80610455095804,6.0752438457966,32.098,6.47206699043374
2023-12-27,FTSE/JSE All Share,74379.5703125,76657.9375,76817.8515625,74379.5703125,0,18.64900016784668,2081.89990234375,74.11000061035156,0.80610455095804,6.0752438457966,32.098,6.47206699043374
2023-12-28,FTSE/JSE All Share,76657.9375,76485.7265625,77092.8828125,76485.7265625,0,18.348079681396484,2073.89990234375,71.7699966430664,0.80610455095804,6.0752438457966,32.098,6.47206699043374
2023-12-29,FTSE/JSE All Share,76485.7265625,76893.1484375,76893.1484375,76225.7890625,0,18.56730079650879,2062.39990234375,71.6500015258789,0.80610455095804,6.0752438457966,32.098,6.47206699043374
2024-01-02,FTSE/JSE All Share,76893.1484375,75709.140625,76893.1484375,75592.078125,0,18.300399780273438,2064.39990234375,70.37999725341797,,,,
2024-01-03,FTSE/JSE All Share,75709.140625,74510.71875,75709.140625,74510.71875,0,18.55558967590332,2034.199951171875,72.69999694824219,,,,
2024-01-04,FTSE/JSE All Share,74510.71875,74522.4921875,75117.578125,74348.046875,0,18.674299240112305,2042.300048828125,72.19000244140625,,,,
2024-01-05,FTSE/JSE All Share,74522.4921875,74488.203125,74522.4921875,73818.3828125,0,18.686899185180664,2042.4000244140625,73.80999755859375,,,,
2024-01-08,FTSE/JSE All Share,74488.203125,74103.2265625,74488.203125,73576.09375,0,18.670289993286133,2026.5999755859375,70.7699966430664,,,,
2024-01-09,FTSE/JSE All Share,74103.2265625,73826.1484375,74460.15625,73826.1484375,0,18.564199447631836,2026.4000244140625,72.23999786376953,,,,
2024-01-10,FTSE/JSE All Share,73826.1484375,73586.9765625,73894.9609375,73383.8828125,0,18.63878059387207,2021.699951171875,71.37000274658203,,,,
2024-01-11,FTSE/JSE All Share,73586.9765625,73834.28125,74258.328125,73586.9765625,0,18.631759643554688,2014.300048828125,72.0199966430664,,,,
2024-01-12,FTSE/JSE All Share,73834.28125,74240.7578125,74287.28125,73608.5390625,0,18.645099639892578,2046.699951171875,72.68000030517578,,,,
2024-01-15,FTSE/JSE All Share,74240.7578125,73675.7421875,74310.2734375,73377.7734375,0,18.60658073425293,,,,,,
2024-01-16,FTSE/JSE All Share,73675.7421875,73007.6171875,73675.7421875,72870.1328125,0,18.649099349975586,2026.0,72.4000015258789,,,,
2024-01-17,FTSE/JSE All Share,73007.6171875,71693.09375,73007.6171875,71635.2578125,0,18.959089279174805,2002.5999755859375,72.55999755859375,,,,
2024-01-18,FTSE/JSE All Share,71693.09375,72344.3984375,72545.1875,71693.09375,0,19.079200744628906,2018.5999755859375,74.08000183105469,,,,
2024-01-19,FTSE/JSE All Share,72344.3984375,72660.90625,72949.15625,72344.3984375,0,18.921100616455078,2026.5,73.41000366210938,,,,
2024-01-22,FTSE/JSE All Share,72660.90625,72351.5,72660.90625,72064.4765625,0,19.008899688720703,2019.800048828125,75.19000244140625,,,,
2024-01-23,FTSE/JSE All Share,72351.5,73337.1875,73429.21875,72351.5,0,19.193300247192383,2023.699951171875,74.37000274658203,,,,
2024-01-24,FTSE/JSE All Share,73337.1875,74320.109375,74455.8671875,73231.140625,0,18.91320037841797,2013.9000244140625,75.08999633789062,,,,
2024-01-25,FTSE/JSE All Share,74320.109375,74040.5390625,74440.296875,73937.28125,0,18.877979278564453,2016.9000244140625,77.36000061035156,,,,
2024-01-26,FTSE/JSE All Share,74040.5390625,75084.3828125,75084.3828125,73447.1328125,0,18.880399703979492,2016.800048828125,78.01000213623047,,,,
2024-01-29,FTSE/JSE All Share,75084.3828125,74370.53125,75084.3828125,74323.140625,0,18.757030487060547,2025.199951171875,76.77999877929688,,,,
2024-01-30,FTSE/JSE All Share,74370.53125,74611.453125,74853.1875,74322.8828125,0,18.778499603271484,2031.5,77.81999969482422,,,,
2024-01-31,FTSE/JSE All Share,74611.453125,74555.8671875,74611.453125,73873.34375,0,18.779300689697266,2048.39990234375,75.8499984741211,,,,
2024-02-01,FTSE/JSE All Share,74555.8671875,74469.953125,74555.8671875,73453.03125,0,18.6135196685791,2053.0,73.81999969482422,,,,
2024-02-02,FTSE/JSE All Share,74469.953125,74381.9609375,75440.703125,74143.7578125,0,18.56529998779297,2036.0999755859375,72.27999877929688,,,,
2024-02-05,FTSE/JSE All Share,74381.9609375,74033.921875,74476.1328125,73824.5625,0,18.882320404052734,2025.699951171875,72.77999877929688,,,,
2024-02-06,FTSE/JSE All Share,74033.921875,74558.5234375,74783.71875,74033.921875,0,19.048900604248047,2034.5,73.30999755859375,,,,
2024-02-07,FTSE/JSE All Share,74558.5234375,74313.4375,74598.65625,74154.296875,0,18.81760025024414,2035.199951171875,73.86000061035156,,,,
2024-02-08,FTSE/JSE All Share,74313.4375,73725.3828125,74313.4375,73541.40625,0,18.898700714111328,2032.199951171875,76.22000122070312,,,,
2024-02-09,FTSE/JSE All Share,73725.3828125,73423.296875,73855.6796875,73336.3984375,0,18.966400146484375,2023.300048828125,76.83999633789062,,,,
2024-02-12,FTSE/JSE All Share,73423.296875,73722.1015625,73755.2734375,73091.75,0,18.976049423217773,2018.199951171875,76.91999816894531,,,,
2024-02-13,FTSE/JSE All Share,73722.1015625,73062.59375,73893.46875,73027.7890625,0,18.89859962463379,1992.9000244140625,77.87000274658203,,,,
2024-02-14,FTSE/JSE All Share,73062.59375,73009.7421875,73062.59375,72626.171875,0,19.07659912109375,1990.300048828125,76.63999938964844,,,,
2024-02-15,FTSE/JSE All Share,73009.7421875,73218.4375,73347.2265625,72690.578125,0,19.028560638427734,2002.0999755859375,78.02999877929688,,,,
2024-02-16,FTSE/JSE All Share,73218.4375,73616.0625,73945.953125,73218.4375,0,18.939529418945312,2011.5,79.19000244140625,,,,
2024-02-19,FTSE/JSE All Share,73616.0625,73580.8828125,73799.3828125,73157.6796875,0,18.825109481811523,,,,,,
2024-02-20,FTSE/JSE All Share,73580.8828125,72946.0078125,73580.8828125,72700.21875,0,18.93931007385254,2027.5,78.18000030517578,,,,
2024-02-21,FTSE/JSE All Share,72946.0078125,73029.609375,73162.2890625,72547.3984375,0,18.9064998626709,2022.300048828125,77.91000366210938,,,,
2024-02-22,FTSE/JSE All Share,73029.609375,74112.7421875,74211.078125,73029.609375,0,18.896129608154297,2019.699951171875,78.61000061035156,,,,
2024-02-23,FTSE/JSE All Share,74112.7421875,74213.390625,74431.96875,73799.203125,0,19.14780044555664,2038.5999755859375,76.48999786376953,,,,
2024-02-26,FTSE/JSE All Share,74213.390625,73621.2421875,74213.390625,73333.078125,0,19.30579948425293,2028.5,77.58000183105469,,,,
2024-02-27,FTSE/JSE All Share,73621.2421875,73142.109375,73621.2421875,73029.7421875,0,19.212600708007812,2034.0,78.87000274658203,,,,
2024-02-28,FTSE/JSE All Share,73142.109375,72204.53125,73142.109375,72197.5625,0,19.069400787353516,2033.0,78.54000091552734,,,,
2024-02-29,FTSE/JSE All Share,72204.53125,72729.7265625,72879.6328125,72204.53125,0,19.25309944152832,2045.699951171875,78.26000213623047,,,,
2024-03-01,FTSE/JSE All Share,72729.7265625,72775.4921875,72931.71875,72343.6328125,0,19.180419921875,2086.89990234375,79.97000122070312,,,,
2024-03-04,FTSE/JSE All Share,72775.4921875,72633.1484375,73707.6171875,72597.421875,0,19.07699966430664,2117.699951171875,78.73999786376953,,,,
2024-03-05,FTSE/JSE All Share,72633.1484375,72241.71875,72633.1484375,72104.4765625,0,19.03030014038086,2133.5,78.1500015258789,,,,
2024-03-06,FTSE/JSE All Share,72241.71875,73578.1796875,73578.1796875,72241.71875,0,18.94070053100586,2150.300048828125,79.12999725341797,,,,
2024-03-07,FTSE/JSE All Share,73578.1796875,73604.109375,73604.109375,72999.4375,0,18.775400161743164,2158.0,78.93000030517578,,,,
2024-03-08,FTSE/JSE All Share,73604.109375,73717.78125,73895.59375,73353.9609375,0,18.66390037536621,2178.60009765625,78.01000213623047,,,,
2024-03-11,FTSE/JSE All Share,73717.78125,73481.7421875,73717.78125,73135.1015625,0,18.79785919189453,2182.5,77.93000030517578,,,,
2024-03-12,FTSE/JSE All Share,73481.7421875,73484.5625,74437.3984375,73409.3671875,0,18.652700424194336,2160.39990234375,77.55999755859375,,,,
2024-03-13,FTSE/JSE All Share,73484.5625,74258.6328125,74258.6328125,73222.1875,0,18.65049934387207,2175.39990234375,79.72000122070312,,,,
2024-03-14,FTSE/JSE All Share,74258.6328125,73340.703125,74301.5078125,73268.28125,0,18.553699493408203,2163.0,81.26000213623047,,,,
2024-03-15,FTSE/JSE All Share,73340.703125,72990.703125,73353.78125,72933.640625,0,18.730600357055664,2157.300048828125,81.04000091552734,,,,
2024-03-18,FTSE/JSE All Share,72990.703125,72430.4609375,73509.75,72328.8828125,0,18.749780654907227,2160.699951171875,82.72000122070312,,,,
2024-03-19,FTSE/JSE All Share,72430.4609375,71868.0703125,72445.6875,71663.25,0,18.943300247192383,2156.300048828125,83.47000122070312,,,,
2024-03-20,FTSE/JSE All Share,71868.0703125,72419.703125,72495.359375,71868.0703125,0,18.908790588378906,2157.89990234375,81.68000030517578,,,,
2024-03-22,FTSE/JSE All Share,72419.703125,73254.1875,73330.6796875,72419.703125,0,18.81909942626953,2158.10009765625,80.62999725341797,,,,
2024-03-25,FTSE/JSE All Share,73254.1875,73282.8984375,73493.34375,72874.390625,0,18.985200881958008,2174.800048828125,81.94999694824219,,,,
2024-03-26,FTSE/JSE All Share,73282.8984375,73608.0703125,73692.96875,73062.7109375,0,18.885700225830078,2175.60009765625,81.62000274658203,,,,
2024-03-27,FTSE/JSE All Share,73608.0703125,73909.46875,74053.6015625,73472.6484375,0,18.960399627685547,2190.60009765625,81.3499984741211,,,,
2024-03-28,FTSE/JSE All Share,73909.46875,74535.9921875,74535.9921875,73909.46875,0,18.924489974975586,2217.39990234375,83.16999816894531,,,,
2024-04-02,FTSE/JSE All Share,74535.9921875,74429.4765625,74962.15625,74226.46875,0,18.944650650024414,2261.0,85.1500015258789,,,,
2024-04-03,FTSE/JSE All Share,74429.4765625,74097.9296875,74429.4765625,73765.5,0,18.75790023803711,2294.39990234375,85.43000030517578,,,,
2024-04-04,FTSE/JSE All Share,74097.9296875,75372.9765625,75412.671875,74097.9296875,0,18.65250015258789,2288.800048828125,86.58999633789062,,,,
2024-04-05,FTSE/JSE All Share,75372.9765625,74774.71875,75372.9765625,74322.421875,0,18.676809310913086,2325.699951171875,86.91000366210938,,,,
2024-04-08,FTSE/JSE All Share,74774.71875,75334.921875,75395.7734375,74718.828125,0,18.712160110473633,2331.699951171875,86.43000030517578,,,,
2024-04-09,FTSE/JSE All Share,75334.921875,75486.921875,75905.7265625,75258.109375,0,18.63089942932129,2343.5,85.2300033569336,,,,
2024-04-10,FTSE/JSE All Share,75486.921875,75520.3671875,76146.4921875,74837.703125,0,18.42840003967285,2329.60009765625,86.20999908447266,,,,
2024-04-11,FTSE/JSE All Share,75520.3671875,75303.25,75744.75,74894.0,0,18.77739906311035,2354.800048828125,85.0199966430664,,,,
2024-04-12,FTSE/JSE All Share,75303.25,75311.7578125,75925.96875,75081.9609375,0,18.709800720214844,2356.199951171875,85.66000366210938,,,,
2024-04-15,FTSE/JSE All Share,75311.7578125,74518.6328125,75311.7578125,74460.546875,0,18.857799530029297,2365.800048828125,85.41000366210938,,,,
2024-04-16,FTSE/JSE All Share,74518.6328125,72999.6015625,74518.6328125,72855.078125,0,18.97052001953125,2390.800048828125,85.36000061035156,,,,
2024-04-17,FTSE/JSE All Share,72999.6015625,72995.1796875,73526.3984375,72745.0625,0,19.005800247192383,2371.699951171875,82.69000244140625,,,,
2024-04-18,FTSE/JSE All Share,72995.1796875,73271.4296875,73487.359375,72797.4296875,0,18.980899810791016,2382.300048828125,82.7300033569336,,,,
2024-04-19,FTSE/JSE All Share,73271.4296875,73363.5625,73375.5234375,72534.671875,0,19.137449264526367,2398.39990234375,83.13999938964844,,,,
2024-04-22,FTSE/JSE All Share,73363.5625,73551.1171875,73870.6796875,73363.5625,0,19.121599197387695,2332.199951171875,82.8499984741211,,,,
2024-04-23,FTSE/JSE All Share,73551.1171875,74010.828125,74177.640625,73539.828125,0,19.18004035949707,2327.699951171875,83.36000061035156,,,,
2024-04-24,FTSE/JSE All Share,74010.828125,74513.9296875,74730.34375,74010.828125,0,19.093299865722656,2324.5,82.80999755859375,,,,
2024-04-25,FTSE/JSE All Share,74513.9296875,74329.3671875,74787.65625,73790.5234375,0,19.21780014038086,2329.800048828125,83.56999969482422,,,,
2024-04-26,FTSE/JSE All Share,74329.3671875,75370.9921875,75576.828125,74329.3671875,0,19.01930046081543,2334.800048828125,83.8499984741211,,,,
2024-04-29,FTSE/JSE All Share,75370.9921875,76456.1484375,76472.21875,75370.9921875,0,18.797500610351562,2345.39990234375,82.62999725341797,,,,
2024-04-30,FTSE/JSE All Share,76456.1484375,76076.171875,76671.7421875,76076.171875,0,18.63031005859375,2291.39990234375,81.93000030517578,,,,
2024-05-02,FTSE/JSE All Share,76076.171875,76046.8515625,76842.078125,75978.3125,0,18.543699264526367,2299.199951171875,78.94999694824219,,,,
2024-05-03,FTSE/JSE All Share,76046.8515625,76428.328125,76978.046875,76046.8515625,0,18.54047966003418,2299.0,78.11000061035156,,,,
2024-05-06,FTSE/JSE All Share,76428.328125,76776.453125,77333.8203125,76428.328125,0,18.533300399780273,2321.60009765625,78.4800033569336,,,,
2024-05-07,FTSE/JSE All Share,76776.453125,76929.4765625,77159.0234375,76776.453125,0,18.472700119018555,2315.199951171875,78.37999725341797,,,,
2024-05-08,FTSE/JSE All Share,76929.4765625,77177.4296875,77230.3515625,76673.109375,0,18.49570083618164,2313.60009765625,78.98999786376953,,,,
2024-05-09,FTSE/JSE All Share,77177.4296875,77539.1484375,77573.0234375,76864.0078125,0,18.56555938720703,2332.10009765625,79.26000213623047,,,,
2024-05-10,FTSE/JSE All Share,77539.1484375,78464.21875,78777.7265625,77539.1484375,0,18.451549530029297,2367.300048828125,78.26000213623047,,,,
2024-05-13,FTSE/JSE All Share,78464.21875,78686.890625,78860.8671875,78365.0390625,0,18.41230010986328,2336.10009765625,79.12000274658203,,,,
2024-05-14,FTSE/JSE All Share,78686.890625,78632.578125,79023.03125,78383.7421875,0,18.341760635375977,2353.39990234375,78.0199966430664,,,,
2024-05-15,FTSE/JSE All Share,78632.578125,79361.5703125,79574.1875,78632.578125,0,18.379100799560547,2388.699951171875,78.62999725341797,,,,
2024-05-16,FTSE/JSE All Share,79361.5703125,79508.9765625,79755.0078125,79361.5703125,0,18.249399185180664,2380.0,79.2300033569336,,,,
2024-05-17,FTSE/JSE All Share,79508.9765625,79530.6328125,79737.0625,78970.421875,0,18.16309928894043,2412.199951171875,80.05999755859375,,,,
2024-05-20,FTSE/JSE All Share,79530.6328125,80072.9921875,80213.65625,79530.6328125,0,18.152099609375,2433.89990234375,79.80000305175781,,,,
2024-05-21,FTSE/JSE All Share,80072.9921875,79808.0703125,80072.9921875,79379.8671875,0,18.150100708007812,2421.699951171875,79.26000213623047,,,,
2024-05-22,FTSE/JSE All Share,79808.0703125,79492.5703125,80094.4609375,79486.7265625,0,18.050399780273438,2389.199951171875,77.56999969482422,,,,
2024-05-23,FTSE/JSE All Share,79492.5703125,78956.0703125,80025.1484375,78956.0703125,0,18.276899337768555,2335.0,76.87000274658203,,,,
2024-05-24,FTSE/JSE All Share,78956.0703125,79150.84375,79399.359375,78426.15625,0,18.46339988708496,2332.5,77.72000122070312,,,,
2024-05-27,FTSE/JSE All Share,79150.84375,78920.8828125,79358.0234375,78920.8828125,0,18.414939880371094,,,,,,
2024-05-28,FTSE/JSE All Share,78920.8828125,78576.140625,79253.3203125,78540.2421875,0,18.301300048828125,2355.199951171875,79.83000183105469,,,,
2024-05-30,FTSE/JSE All Share,78576.140625,77161.7109375,78576.140625,76795.8515625,0,18.421499252319336,2342.89990234375,77.91000366210938,,,,
2024-05-31,FTSE/JSE All Share,77161.7109375,76704.2578125,77323.53125,76653.3984375,0,18.706300735473633,2322.89990234375,76.98999786376953,,,,
2024-06-03,FTSE/JSE All Share,76704.2578125,77746.2265625,77809.6484375,76704.2578125,0,18.76715087890625,2346.60009765625,74.22000122070312,,,,
2024-06-04,FTSE/JSE All Share,77746.2265625,76832.7421875,77854.5234375,76832.7421875,0,18.51609992980957,2325.5,73.25,,,,
2024-06-05,FTSE/JSE All Share,76832.7421875,76829.1328125,77207.6484375,76533.1015625,0,18.711809158325195,2354.10009765625,74.06999969482422,,,,
2024-06-06,FTSE/JSE All Share,76829.1328125,77123.640625,77409.7578125,76790.0234375,0,18.934490203857422,2370.300048828125,75.55000305175781,,,,
2024-06-07,FTSE/JSE All Share,77123.640625,76851.78125,77387.078125,76630.65625,0,18.95404052734375,2305.199951171875,75.52999877929688,,,,
2024-06-10,FTSE/JSE All Share,76851.78125,76188.15625,76851.78125,76036.5703125,0,18.886199951171875,2307.699951171875,77.73999786376953,,,,
2024-06-11,FTSE/JSE All Share,76188.15625,76077.296875,76387.5078125,75753.4375,0,18.721900939941406,2307.5,77.9000015258789,,,,
2024-06-12,FTSE/JSE All Share,76077.296875,77050.796875,77271.1875,76077.296875,0,18.541900634765625,2336.0,78.5,,,,
2024-06-13,FTSE/JSE All Share,77050.796875,76382.0234375,77050.796875,76347.6796875,0,18.361360549926758,2300.199951171875,78.62000274658203,,,,
2024-06-14,FTSE/JSE All Share,76382.0234375,77053.78125,77635.6171875,76349.2734375,0,18.415130615234375,2331.39990234375,78.44999694824219,,,,
2024-06-18,FTSE/JSE All Share,77053.78125,79748.828125,80013.703125,77053.78125,0,18.229450225830078,2330.39990234375,81.56999969482422,,,,
2024-06-19,FTSE/JSE All Share,79748.828125,80713.71875,81364.390625,79748.828125,0,18.022899627685547,,,,,,
2024-06-20,FTSE/JSE All Share,80713.71875,80073.046875,81067.609375,80007.53125,0,17.918500900268555,2353.800048828125,82.16999816894531,,,,
2024-06-21,FTSE/JSE All Share,80073.046875,79767.5625,80548.65625,79664.203125,0,17.970890045166016,2316.39990234375,80.7300033569336,,,,
2024-06-24,FTSE/JSE All Share,79767.5625,80263.140625,80671.2421875,79767.5625,0,17.99489974975586,2330.0,81.62999725341797,,,,
2024-06-25,FTSE/JSE All Share,80263.140625,79577.5703125,80263.140625,79385.7578125,0,18.093839645385742,2316.60009765625,80.83000183105469,,,,
2024-06-26,FTSE/JSE All Share,79577.5703125,79252.390625,80148.703125,79237.2578125,0,18.23785972595215,2299.199951171875,80.9000015258789,,,,
2024-06-27,FTSE/JSE All Share,79252.390625,78969.328125,79254.7109375,78684.40625,0,18.147300720214844,2324.5,81.73999786376953,,,,
2024-06-28,FTSE/JSE All Share,78969.328125,79707.109375,80131.5,78966.0078125,0,18.433900833129883,2327.699951171875,81.54000091552734,,,,
2024-07-01,FTSE/JSE All Share,79707.109375,79853.828125,80581.9609375,79707.109375,0,18.041200637817383,2327.60009765625,83.37999725341797,,,,
2024-07-02,FTSE/JSE All Share,79853.828125,79435.1171875,79990.640625,79043.6484375,0,18.352500915527344,2323.0,82.80999755859375,,,,
2024-07-03,FTSE/JSE All Share,79435.1171875,80772.78125,81032.546875,79435.1171875,0,18.589599609375,2359.800048828125,83.87999725341797,,,,
2024-07-04,FTSE/JSE All Share,80772.78125,81155.28125,81456.390625,80772.78125,0,18.405500411987305,,,,,,
2024-07-05,FTSE/JSE All Share,81155.28125,80797.3828125,81289.5234375,80665.6875,0,18.256620407104492,2388.5,83.16000366210938,,,,
2024-07-08,FTSE/JSE All Share,80797.3828125,80783.5078125,80954.4921875,80438.71875,0,18.226900100708008,2355.199951171875,82.33000183105469,,,,
2024-07-09,FTSE/JSE All Share,80783.5078125,80620.0234375,80900.3515625,80306.3515625,0,18.088199615478516,2360.10009765625,81.41000366210938,,,,
2024-07-10,FTSE/JSE All Share,80620.0234375,80445.3125,80660.2265625,80280.03125,0,18.13990020751953,2372.199951171875,82.0999984741211,,,,
2024-07-11,FTSE/JSE All Share,80445.3125,81093.9921875,81105.4609375,80445.3125,0,18.097759246826172,2415.0,82.62000274658203,,,,
2024-07-12,FTSE/JSE All Share,81093.9921875,81686.4921875,81792.546875,81093.9921875,0,17.976499557495117,2414.0,82.20999908447266,,,,
2024-07-15,FTSE/JSE All Share,81686.4921875,82154.0703125,82154.0703125,81058.3515625,0,17.985000610351562,2422.89990234375,81.91000366210938,,,,
2024-07-16,FTSE/JSE All Share,82154.0703125,81124.078125,82154.0703125,80973.3203125,0,18.198299407958984,2462.39990234375,80.76000213623047,,,,
2024-07-17,FTSE/JSE All Share,81124.078125,80452.578125,81124.078125,80452.578125,0,18.02429962158203,2454.800048828125,82.8499984741211,,,,
2024-07-18,FTSE/JSE All Share,80452.578125,80334.2578125,81007.5625,80301.671875,0,18.117799758911133,2451.800048828125,82.81999969482422,,,,
2024-07-19,FTSE/JSE All Share,79831.15625,79922.671875,79922.671875,79488.3984375,0,18.2362003326416,2395.5,80.12999725341797,,,,
2024-07-22,FTSE/JSE All Share,79922.671875,80492.09375,80679.53125,79922.671875,0,18.189899444580078,2392.0,79.77999877929688,,,,
2024-07-23,FTSE/JSE All Share,80492.09375,80706.4375,80869.40625,79879.8671875,0,18.234699249267578,2404.60009765625,76.95999908447266,,,,
2024-07-24,FTSE/JSE All Share,80706.4375,80595.140625,80816.3203125,80366.7734375,0,18.38949966430664,2413.300048828125,77.58999633789062,,,,
2024-07-25,FTSE/JSE All Share,80595.140625,80678.203125,80678.203125,79516.2890625,0,18.34830093383789,2351.89990234375,78.27999877929688,,,,
2024-07-26,FTSE/JSE All Share,80678.203125,81120.5078125,81253.0625,80640.0078125,0,18.343719482421875,2380.0,77.16000366210938,,,,
2024-07-29,FTSE/JSE All Share,81120.5078125,81011.6484375,81542.0703125,80957.8203125,0,18.270599365234375,2377.300048828125,75.80999755859375,,,,
2024-07-30,FTSE/JSE All Share,81011.6484375,81198.640625,81374.828125,80697.1015625,0,18.3302001953125,2405.0,74.7300033569336,,,,
2024-07-31,FTSE/JSE All Share,81198.640625,82765.1171875,82765.1171875,81198.640625,0,18.304779052734375,2426.5,77.91000366210938,,,,
2024-08-01,FTSE/JSE All Share,82765.1171875,81868.8203125,82881.4375,81799.9921875,0,18.195999145507812,2435.0,76.30999755859375,,,,
2024-08-02,FTSE/JSE All Share,81868.8203125,80538.5703125,81868.8203125,80495.1171875,0,18.28219985961914,2425.699951171875,73.5199966430664,,,,
2024-08-05,FTSE/JSE All Share,80538.5703125,79577.609375,80538.5703125,78306.84375,0,18.34259033203125,2401.699951171875,72.94000244140625,,,,
2024-08-06,FTSE/JSE All Share,79577.609375,79430.046875,79736.453125,78675.953125,0,18.464399337768555,2389.10009765625,73.19999694824219,,,,
2024-08-07,FTSE/JSE All Share,79430.046875,80364.859375,80405.4921875,79430.046875,0,18.487770080566406,2390.5,75.2300033569336,,,,
2024-08-08,FTSE/JSE All Share,80364.859375,80739.3125,80853.421875,79503.9609375,0,18.391340255737305,2422.199951171875,76.19000244140625,,,,
2024-08-12,FTSE/JSE All Share,80739.3125,80560.78125,81034.59375,80398.390625,0,18.29450035095215,2462.39990234375,80.05999755859375,,,,
2024-08-13,FTSE/JSE All Share,80560.78125,80956.21875,80956.21875,80259.1875,0,18.242300033569336,2466.699951171875,78.3499984741211,,,,
2024-08-14,FTSE/JSE All Share,80956.21875,81402.3203125,81827.9921875,80740.1875,0,18.06909942626953,2439.39990234375,76.9800033569336,,,,
2024-08-15,FTSE/JSE All Share,81402.3203125,82226.4296875,82868.6328125,81380.140625,0,18.04829978942871,2453.10009765625,78.16000366210938,,,,
2024-08-16,FTSE/JSE All Share,82226.4296875,82824.4375,83169.6796875,82226.4296875,0,17.97170066833496,2498.60009765625,76.6500015258789,,,,
2024-08-19,FTSE/JSE All Share,82824.4375,83799.296875,83955.7578125,82824.4375,0,17.84984016418457,2501.800048828125,74.37000274658203,,,,
2024-08-20,FTSE/JSE All Share,83799.296875,83783.296875,84215.4296875,83651.8125,0,17.706899642944336,2511.300048828125,74.04000091552734,,,,
2024-08-21,FTSE/JSE All Share,83783.296875,84026.1796875,84197.2421875,83783.296875,0,17.79400062561035,2508.39990234375,71.93000030517578,,,,
2024-08-22,FTSE/JSE All Share,84026.1796875,83620.8125,84800.5,83596.96875,0,17.819700241088867,2478.89990234375,73.01000213623047,,,,
2024-08-23,FTSE/JSE All Share,83620.8125,84351.5703125,84663.6171875,83620.8125,0,18.003509521484375,2508.39990234375,74.83000183105469,,,,
2024-08-26,FTSE/JSE All Share,84351.5703125,84193.953125,84520.65625,84073.90625,0,17.740299224853516,2517.699951171875,77.41999816894531,,,,
2024-08-27,FTSE/JSE All Share,84193.953125,84553.5390625,84670.6875,84181.2265625,0,17.696699142456055,2516.0,75.52999877929688,,,,
2024-08-28,FTSE/JSE All Share,84553.5390625,84018.6484375,84639.2421875,83932.828125,0,17.711790084838867,2501.0,74.5199966430664,,,,
2024-08-29,FTSE/JSE All Share,84018.6484375,84239.421875,84431.796875,83906.2265625,0,17.82617950439453,2525.699951171875,75.91000366210938,,,,
2024-08-30,FTSE/JSE All Share,84239.421875,83749.859375,84462.5078125,83433.5703125,0,17.7273006439209,2493.800048828125,73.55000305175781,,,,
2024-09-02,FTSE/JSE All Share,83749.859375,83483.359375,83749.859375,83138.75,0,17.821699142456055,,,,,,
2024-09-03,FTSE/JSE All Share,83483.359375,82156.7578125,83603.1328125,82082.578125,0,17.79490089416504,2489.89990234375,70.33999633789062,,,,
2024-09-04,FTSE/JSE All Share,82156.7578125,81915.3828125,82156.7578125,81616.828125,0,17.938899993896484,2493.39990234375,69.19999694824219,,,,
2024-09-05,FTSE/JSE All Share,81915.3828125,82146.828125,82244.53125,81398.34375,0,17.86823081970215,2511.39990234375,69.1500015258789,,,,
2024-09-06,FTSE/JSE All Share,82146.828125,81364.890625,82146.828125,81364.890625,0,17.692630767822266,2493.5,67.66999816894531,,,,
2024-09-09,FTSE/JSE All Share,81364.890625,81441.6328125,81975.2890625,81339.390625,0,17.819599151611328,2501.800048828125,68.70999908447266,,,,
2024-09-10,FTSE/JSE All Share,81441.6328125,81641.8984375,81730.2421875,81150.0,0,17.863000869750977,2512.300048828125,65.75,,,,
2024-09-11,FTSE/JSE All Share,81641.8984375,80827.7890625,81641.8984375,80538.9375,0,17.93720054626465,2512.10009765625,67.30999755859375,,,,
2024-09-12,FTSE/JSE All Share,80827.7890625,81668.390625,82037.5,80827.7890625,0,17.89419937133789,2551.199951171875,68.97000122070312,,,,
2024-09-13,FTSE/JSE All Share,81668.390625,81978.59375,82160.6796875,81668.390625,0,17.738800048828125,2581.300048828125,68.6500015258789,,,,
2024-09-16,FTSE/JSE All Share,81978.59375,82007.34375,82315.7734375,81715.2421875,0,17.72566032409668,2580.39990234375,70.08999633789062,,,,
2024-09-17,FTSE/JSE All Share,82007.34375,83032.7109375,83247.9609375,82007.34375,0,17.607999801635742,2564.300048828125,71.19000244140625,,,,
2024-09-18,FTSE/JSE All Share,83032.7109375,82718.578125,83032.7109375,82151.3828125,0,17.57859992980957,2570.699951171875,70.91000366210938,,,,
2024-09-19,FTSE/JSE All Share,82718.578125,83760.078125,84218.1796875,82718.578125,0,17.52829933166504,2588.0,71.94999694824219,,,,
2024-09-20,FTSE/JSE All Share,83760.078125,83829.9921875,84395.9296875,83696.7578125,0,17.500499725341797,2619.89990234375,71.91999816894531,,,,
2024-09-23,FTSE/JSE All Share,83829.9921875,84777.53125,84826.9921875,83719.4296875,0,17.390649795532227,2626.5,70.37000274658203,,,,
2024-09-25,FTSE/JSE All Share,84777.53125,85960.3203125,86197.109375,84777.53125,0,17.22949981689453,2659.199951171875,69.69000244140625,,,,
2024-09-26,FTSE/JSE All Share,85960.3203125,87327.2109375,87802.5234375,85960.3203125,0,17.264400482177734,2669.89990234375,67.66999816894531,,,,
2024-09-27,FTSE/JSE All Share,87327.2109375,87579.7109375,87789.796875,86886.25,0,17.175500869750977,2644.300048828125,68.18000030517578,,,,
2024-09-30,FTSE/JSE All Share,87579.7109375,86548.421875,87782.3203125,86548.421875,0,17.087600708007812,2636.10009765625,68.16999816894531,,,,
2024-10-01,FTSE/JSE All Share,86548.421875,86619.390625,87441.140625,86326.8671875,0,17.280550003051758,2667.300048828125,69.83000183105469,,,,
2024-10-02,FTSE/JSE All Share,86619.390625,87115.21875,87587.7265625,86619.390625,0,17.403600692749023,2647.10009765625,70.0999984741211,,,,
2024-10-03,FTSE/JSE All Share,87115.21875,86461.046875,87328.6171875,86092.6484375,0,17.34280014038086,2657.10009765625,73.70999908447266,,,,
2024-10-04,FTSE/JSE All Share,86461.046875,86332.421875,86970.578125,86243.6796875,0,17.48390007019043,2645.800048828125,74.37999725341797,,,,
2024-10-07,FTSE/JSE All Share,86332.421875,86308.921875,86655.7421875,86166.8515625,0,17.47330093383789,2644.800048828125,77.13999938964844,,,,
2024-10-08,FTSE/JSE All Share,86308.921875,85491.21875,86308.921875,84863.1328125,0,17.37310028076172,2615.0,73.56999969482422,,,,
2024-10-09,FTSE/JSE All Share,85491.21875,85336.8515625,85491.21875,84677.53125,0,17.579059600830078,2606.0,73.23999786376953,,,,
2024-10-10,FTSE/JSE All Share,85336.8515625,85392.8203125,85627.25,85221.7109375,0,17.639999389648438,2620.60009765625,75.8499984741211,,,,
2024-10-11,FTSE/JSE All Share,85392.8203125,86149.453125,86279.28125,85321.078125,0,17.516359329223633,2657.60009765625,75.55999755859375,,,,
2024-10-14,FTSE/JSE All Share,86149.453125,86398.65625,86587.828125,85849.34375,0,17.458560943603516,2647.800048828125,73.83000183105469,,,,
2024-10-15,FTSE/JSE All Share,86398.65625,85949.7734375,86398.65625,85528.2734375,0,17.542600631713867,2661.39990234375,70.58000183105469,,,,
2024-10-16,FTSE/JSE All Share,85949.7734375,86393.0078125,86430.21875,85837.3125,0,17.642200469970703,2674.0,70.38999938964844,,,,
2024-10-17,FTSE/JSE All Share,86393.0078125,86582.3515625,87037.2734375,86192.109375,0,17.633399963378906,2691.0,70.66999816894531,,,,
2024-10-18,FTSE/JSE All Share,86582.3515625,87201.4921875,87467.859375,86582.3515625,0,17.64590072631836,2713.699951171875,69.22000122070312,,,,
2024-10-21,FTSE/JSE All Share,87201.4921875,87076.546875,87451.359375,86920.7890625,0,17.579200744628906,2723.10009765625,70.55999755859375,,,,
2024-10-22,FTSE/JSE All Share,87076.546875,86752.8828125,87076.546875,86046.6875,0,17.599700927734375,2744.199951171875,72.08999633789062,,,,
2024-10-23,FTSE/JSE All Share,86752.8828125,86464.1875,87023.2890625,86238.84375,0,17.523799896240234,2714.39990234375,70.7699966430664,,,,
2024-10-24,FTSE/JSE All Share,86464.1875,86937.2421875,87353.53125,86464.1875,0,17.776199340820312,2734.89990234375,70.19000244140625,,,,
2024-10-25,FTSE/JSE All Share,86937.2421875,87015.8125,87196.78125,86651.921875,0,17.654399871826172,2740.89990234375,71.77999877929688,,,,
2024-10-28,FTSE/JSE All Share,87015.8125,87643.6484375,87753.4375,86761.3828125,0,17.65553092956543,2742.89990234375,67.37999725341797,,,,
2024-10-29,FTSE/JSE All Share,87643.6484375,87300.96875,87883.8984375,86999.0625,0,17.69202995300293,2768.39990234375,67.20999908447266,,,,
2024-10-30,FTSE/JSE All Share,87300.96875,86759.0390625,87300.96875,86394.5078125,0,17.648000717163086,2788.5,68.61000061035156,,,,
2024-10-31,FTSE/JSE All Share,86759.0390625,85384.8203125,86759.0390625,85254.9375,0,17.64529037475586,2738.300048828125,69.26000213623047,,,,
2024-11-01,FTSE/JSE All Share,85384.8203125,86198.5703125,86329.390625,85384.8203125,0,17.595699310302734,2738.60009765625,69.48999786376953,,,,
2024-11-04,FTSE/JSE All Share,86198.5703125,86223.6015625,86403.359375,86009.9765625,0,17.56399917602539,2736.10009765625,71.47000122070312,,,,
2024-11-05,FTSE/JSE All Share,86223.6015625,86642.859375,86642.859375,86168.71875,0,17.502399444580078,2740.300048828125,71.98999786376953,,,,
2024-11-06,FTSE/JSE All Share,86642.859375,85329.75,86642.859375,85111.2890625,0,17.369699478149414,2667.60009765625,71.69000244140625,,,,
2024-11-07,FTSE/JSE All Share,85329.75,85998.21875,86208.6796875,85329.75,0,17.665700912475586,2698.39990234375,72.36000061035156,,,,
2024-11-08,FTSE/JSE All Share,85998.21875,85124.5234375,85998.21875,84918.203125,0,17.282550811767578,2687.5,70.37999725341797,,,,
2024-11-11,FTSE/JSE All Share,85124.5234375,84771.53125,85357.4609375,84771.53125,0,17.613649368286133,2611.199951171875,68.04000091552734,,,,
2024-11-12,FTSE/JSE All Share,84771.53125,84201.75,84771.53125,83861.0390625,0,17.90839958190918,2600.0,68.12000274658203,,,,
2024-11-13,FTSE/JSE All Share,84201.75,83803.109375,84201.75,83784.171875,0,18.10110092163086,2580.800048828125,68.43000030517578,,,,
2024-11-14,FTSE/JSE All Share,83803.109375,83834.3125,84145.671875,83432.4296875,0,18.225299835205078,2568.199951171875,68.69999694824219,,,,
2024-11-15,FTSE/JSE All Share,83834.3125,83872.7421875,84261.6484375,83605.9375,0,14.860369682312012,2565.699951171875,67.0199966430664,,,,
2024-11-18,FTSE/JSE All Share,83872.7421875,84425.0,84606.9765625,83872.7421875,0,18.166549682617188,2610.60009765625,69.16000366210938,,,,
2024-11-19,FTSE/JSE All Share,84425.0,84526.75,85164.359375,84382.421875,0,17.938100814819336,2627.10009765625,69.38999938964844,,,,
2024-11-20,FTSE/JSE All Share,84526.75,85274.828125,85478.90625,84526.75,0,18.026399612426758,2648.199951171875,68.87000274658203,,,,
2024-11-21,FTSE/JSE All Share,85274.828125,85522.5703125,85821.1171875,85257.6796875,0,18.10890007019043,2672.10009765625,70.0999984741211,,,,
2024-11-22,FTSE/JSE All Share,85522.5703125,85608.46875,86100.5625,85418.5,0,18.097299575805664,2709.89990234375,71.23999786376953,,,,
2024-11-25,FTSE/JSE All Share,85608.46875,84875.2421875,85851.7109375,84875.2421875,0,17.997129440307617,2616.800048828125,68.94000244140625,,,,
2024-11-26,FTSE/JSE All Share,84875.2421875,85397.5,85414.1171875,84467.9921875,0,17.984699249267578,2620.300048828125,68.7699966430664,,,,
2024-11-27,FTSE/JSE All Share,85397.5,85102.34375,85696.03125,85024.7734375,0,18.179899215698242,2639.89990234375,68.72000122070312,,,,
2024-11-28,FTSE/JSE All Share,85102.34375,84787.40625,85144.3515625,84720.7109375,0,18.171199798583984,,,,,,
2024-11-29,FTSE/JSE All Share,84787.40625,84510.4375,84937.2265625,84510.4375,0,18.080699920654297,2657.0,68.0,,,,
2024-12-02,FTSE/JSE All Share,84510.4375,85731.5078125,85963.4609375,84510.4375,0,18.091520309448242,2634.89990234375,68.0999984741211,,,,
2024-12-03,FTSE/JSE All Share,85731.5078125,85818.796875,86567.6328125,85658.25,0,18.128400802612305,2644.699951171875,69.94000244140625,,,,
2024-12-04,FTSE/JSE All Share,85818.796875,86314.5078125,86598.296875,85818.796875,0,18.09830093383789,2653.800048828125,68.54000091552734,,,,
2024-12-05,FTSE/JSE All Share,86314.5078125,86846.421875,87136.109375,86057.140625,0,18.15488052368164,2626.60009765625,68.30000305175781,,,,
2024-12-06,FTSE/JSE All Share,86846.421875,86938.4375,87298.8515625,86753.9296875,0,18.008699417114258,2638.60009765625,67.19999694824219,,,,
2024-12-09,FTSE/JSE All Share,86938.4375,87642.7578125,87694.171875,86627.703125,0,18.002099990844727,2664.89990234375,68.37000274658203,,,,
2024-12-10,FTSE/JSE All Share,87642.7578125,87271.046875,87642.7578125,86936.0078125,0,17.774030685424805,2697.60009765625,68.58999633789062,,,,
2024-12-11,FTSE/JSE All Share,87271.046875,87115.953125,87271.046875,86616.6328125,0,17.801300048828125,2733.800048828125,70.29000091552734,,,,
2024-12-12,FTSE/JSE All Share,87115.953125,86965.3515625,87658.1484375,86881.8203125,0,17.686100006103516,2687.5,70.0199966430664,,,,
2024-12-13,FTSE/JSE All Share,86965.3515625,87129.6484375,87764.359375,86482.5078125,0,17.77440071105957,2656.0,71.29000091552734,,,,
2024-12-17,FTSE/JSE All Share,87129.6484375,85746.0390625,87129.6484375,85746.0390625,0,17.837099075317383,2644.39990234375,70.08000183105469,,,,
2024-12-18,FTSE/JSE All Share,85746.0390625,85599.84375,86327.9765625,85338.609375,0,18.079700469970703,2636.5,70.58000183105469,,,,
2024-12-19,FTSE/JSE All Share,85599.84375,84465.3515625,85599.84375,84350.53125,0,18.32200050354004,2592.199951171875,69.91000366210938,,,,
2024-12-20,FTSE/JSE All Share,84465.3515625,84603.2890625,84864.9765625,83776.7421875,0,18.391599655151367,2628.699951171875,69.45999908447266,,,,
2024-12-23,FTSE/JSE All Share,84603.2890625,84712.3203125,84932.5390625,84128.890625,0,18.271150588989258,2612.300048828125,69.23999786376953,,,,
2024-12-24,FTSE/JSE All Share,84712.3203125,84935.2734375,85211.28125,84712.3203125,0,18.535310745239258,2620.0,70.0999984741211,,,,
2024-12-27,FTSE/JSE All Share,84935.2734375,84736.1796875,85243.8125,84413.8203125,0,18.835800170898438,2617.199951171875,70.5999984741211,,,,
2024-12-30,FTSE/JSE All Share,84736.1796875,83945.546875,84736.1796875,83776.15625,0,18.654499053955078,2606.10009765625,70.98999786376953,,,,
2024-12-31,FTSE/JSE All Share,83945.546875,84095.140625,84486.0390625,83718.6796875,0,18.76490020751953,2629.199951171875,71.72000122070312,,,,
2025-01-02,FTSE/JSE All Share,84095.140625,84460.59375,84905.2578125,84040.71875,0,18.82015037536621,2658.89990234375,73.12999725341797,,,,
2025-01-03,FTSE/JSE All Share,84460.59375,84711.796875,84894.9296875,83958.4375,0,18.739599227905273,2645.0,73.95999908447266,,,,
2025-01-06,FTSE/JSE All Share,84711.796875,84745.5234375,85419.859375,84537.421875,0,18.75200080871582,2638.39990234375,73.55999755859375,,,,
2025-01-07,FTSE/JSE All Share,84745.5234375,84141.5390625,84745.5234375,83988.046875,0,18.54509925842285,2656.699951171875,74.25,,,,
2025-01-08,FTSE/JSE All Share,84141.5390625,83152.5625,84286.7734375,83076.53125,0,18.683300018310547,2664.5,73.31999969482422,,,,
2025-01-09,FTSE/JSE All Share,83152.5625,83698.3203125,83950.4375,83152.5625,0,18.90591049194336,2683.800048828125,73.91999816894531,,,,
2025-01-10,FTSE/JSE All Share,83698.3203125,83466.578125,84174.2109375,83397.1875,0,18.935609817504883,2708.5,76.56999969482422,,,,
2025-01-13,FTSE/JSE All Share,83466.578125,82045.796875,83466.578125,81784.953125,0,19.090150833129883,2673.5,78.81999969482422,,,,
2025-01-14,FTSE/JSE All Share,82045.796875,82123.890625,82829.4296875,82045.796875,0,18.98550033569336,2677.5,77.5,,,,
2025-01-15,FTSE/JSE All Share,82123.890625,83515.2890625,83623.046875,82123.890625,0,16.498899459838867,2712.5,80.04000091552734,,,,
2025-01-16,FTSE/JSE All Share,83515.2890625,83658.71875,84302.3828125,83380.078125,0,18.756999969482422,2746.39990234375,78.68000030517578,,,,
2025-01-17,FTSE/JSE All Share,83658.71875,84700.4375,84700.4375,83576.2578125,0,15.43019962310791,2744.300048828125,77.87999725341797,,,,
2025-01-20,FTSE/JSE All Share,84700.4375,84733.171875,85232.453125,84532.8203125,0,18.731700897216797,,,,,,
2025-01-21,FTSE/JSE All Share,84733.171875,84845.84375,85092.7578125,84486.6875,0,18.495670318603516,2755.0,75.88999938964844,,,,
2025-01-22,FTSE/JSE All Share,84845.84375,84654.640625,85303.3984375,84650.328125,0,18.47960090637207,2767.60009765625,75.44000244140625,,,,
2025-01-23,FTSE/JSE All Share,84654.640625,83944.0703125,84654.640625,83861.6328125,0,18.493900299072266,2763.10009765625,74.62000274658203,,,,
2025-01-24,FTSE/JSE All Share,83944.0703125,84290.9921875,84964.859375,83944.0703125,0,18.504539489746094,2777.300048828125,74.66000366210938,,,,
2025-01-27,FTSE/JSE All Share,84290.9921875,84187.65625,84290.9921875,83480.796875,0,18.479080200195312,2737.5,73.16999816894531,,,,
2025-01-28,FTSE/JSE All Share,84187.65625,84447.75,84651.703125,83886.15625,0,18.741500854492188,2766.800048828125,73.7699966430664,,,,
2025-01-29,FTSE/JSE All Share,84447.75,85314.7265625,85472.71875,84447.75,0,18.65959930419922,2769.10009765625,72.62000274658203,,,,
2025-01-30,FTSE/JSE All Share,85314.7265625,85685.4921875,85741.578125,85241.078125,0,18.518299102783203,2823.0,72.7300033569336,,,,
2025-01-31,FTSE/JSE All Share,85685.4921875,85956.6484375,86126.7734375,85685.4921875,0,18.56730079650879,2812.5,72.52999877929688,,,,
2025-02-03,FTSE/JSE All Share,85956.6484375,85490.140625,85956.6484375,84743.296875,0,18.99449920654297,2833.89990234375,73.16000366210938,,,,
2025-02-04,FTSE/JSE All Share,85490.140625,86452.6328125,86531.84375,85490.140625,0,18.733409881591797,2853.300048828125,72.69999694824219,,,,
2025-02-05,FTSE/JSE All Share,86452.6328125,86610.703125,86965.9921875,86452.6328125,0,18.65938949584961,2871.60009765625,71.02999877929688,,,,
2025-02-06,FTSE/JSE All Share,86610.703125,87191.21875,87555.0234375,86585.5625,0,18.532800674438477,2856.0,70.61000061035156,,,,
2025-02-07,FTSE/JSE All Share,87191.21875,87474.4921875,87872.046875,87191.21875,0,18.43779945373535,2867.300048828125,71.0,,,,
2025-02-10,FTSE/JSE All Share,87474.4921875,87765.359375,87956.328125,87448.25,0,18.525070190429688,2914.300048828125,72.31999969482422,,,,
2025-02-11,FTSE/JSE All Share,87765.359375,87562.7421875,87866.359375,87347.8203125,0,18.419830322265625,2912.5,73.31999969482422,,,,
2025-02-12,FTSE/JSE All Share,87562.7421875,87942.1796875,88525.03125,87562.7421875,0,18.497589111328125,2909.0,71.37000274658203,,,,
2025-02-13,FTSE/JSE All Share,87942.1796875,87841.4609375,88643.75,87742.03125,0,18.511869430541992,2925.89990234375,71.29000091552734,,,,
2025-02-14,FTSE/JSE All Share,87841.4609375,88717.1328125,89008.2109375,87841.4609375,0,18.481199264526367,2883.60009765625,70.73999786376953,,,,
2025-02-17,FTSE/JSE All Share,88717.1328125,88399.5703125,89031.4296875,88033.0,0,18.34600067138672,,,,,,
2025-02-18,FTSE/JSE All Share,88399.5703125,89061.671875,89198.8203125,88399.5703125,0,18.406410217285156,2931.60009765625,71.8499984741211,,,,
2025-02-19,FTSE/JSE All Share,89061.671875,88341.890625,89253.7265625,88341.890625,0,18.395200729370117,2919.39990234375,72.25,,,,
2025-02-20,FTSE/JSE All Share,88341.890625,88873.328125,88953.9375,88261.9609375,0,18.510400772094727,2940.0,72.56999969482422,,,,
2025-02-21,FTSE/JSE All Share,88873.328125,88913.8125,89185.8125,88751.6796875,0,18.319000244140625,2937.60009765625,70.4000015258789,,,,
2025-02-24,FTSE/JSE All Share,88913.8125,87423.2734375,88913.8125,87423.2734375,0,18.36716079711914,2947.89990234375,70.69999694824219,,,,
2025-02-25,FTSE/JSE All Share,87423.2734375,87753.7890625,88058.6015625,87067.0625,0,18.361499786376953,2904.5,68.93000030517578,,,,
2025-02-26,FTSE/JSE All Share,87753.7890625,88321.7578125,88466.09375,87753.7890625,0,18.410999298095703,2916.800048828125,68.62000274658203,,,,
2025-02-27,FTSE/JSE All Share,88321.7578125,87325.3515625,88378.0390625,87325.3515625,0,18.366249084472656,2883.199951171875,70.3499984741211,,,,
2025-02-28,FTSE/JSE All Share,87325.3515625,85942.7109375,87325.3515625,85942.7109375,0,18.42913055419922,2836.800048828125,69.76000213623047,,,,
2025-03-03,FTSE/JSE All Share,85942.7109375,87564.8203125,87848.5234375,85942.7109375,0,18.638320922851562,2890.199951171875,68.37000274658203,,,,
2025-03-04,FTSE/JSE All Share,87564.8203125,86730.8203125,87564.8203125,86634.3203125,0,18.603500366210938,2909.60009765625,68.26000213623047,,,,
2025-03-05,FTSE/JSE All Share,86730.8203125,87717.578125,88113.96875,86730.8203125,0,18.470399856567383,2915.300048828125,66.30999755859375,,,,
2025-03-06,FTSE/JSE All Share,87717.578125,88260.078125,88930.3125,87717.578125,0,18.295799255371094,2916.60009765625,66.36000061035156,,,,
2025-03-07,FTSE/JSE All Share,88260.078125,88570.15625,88603.0,87713.90625,0,18.12347984313965,2904.699951171875,67.04000091552734,,,,
2025-03-10,FTSE/JSE All Share,88570.15625,87291.390625,88570.15625,87291.390625,0,18.258329391479492,2891.0,66.02999877929688,,,,
2025-03-11,FTSE/JSE All Share,87291.390625,87091.0390625,87752.5625,86951.078125,0,18.32900047302246,2912.89990234375,66.25,,,,
2025-03-12,FTSE/JSE All Share,87091.0390625,86853.8125,87472.921875,86821.328125,0,18.194690704345703,2939.10009765625,67.68000030517578,,,,
2025-03-13,FTSE/JSE All Share,86853.8125,87067.75,87300.4375,86703.328125,0,18.334199905395508,2984.300048828125,66.55000305175781,,,,
2025-03-14,FTSE/JSE All Share,87067.75,87916.4609375,88178.28125,87067.75,0,18.27400016784668,2994.5,67.18000030517578,,,,
2025-03-17,FTSE/JSE All Share,87916.4609375,88525.1015625,88547.9296875,87692.8203125,0,18.19611930847168,3000.0,67.58000183105469,,,,
2025-03-18,FTSE/JSE All Share,88525.1015625,88893.109375,89639.09375,88525.1015625,0,18.075090408325195,3035.10009765625,66.9000015258789,,,,
2025-03-19,FTSE/JSE All Share,88893.109375,90149.6875,90464.390625,88876.0,0,18.105690002441406,3035.89990234375,67.16000366210938,,,,
2025-03-20,FTSE/JSE All Share,90149.6875,89518.75,90264.1328125,89395.7578125,0,18.09950065612793,3040.0,68.26000213623047,,,,
2025-03-24,FTSE/JSE All Share,89518.75,88985.609375,89781.453125,88958.9609375,0,18.20587921142578,3013.10009765625,69.11000061035156,,,,
2025-03-25,FTSE/JSE All Share,88985.609375,89713.0390625,89773.328125,88822.90625,0,18.243070602416992,3023.699951171875,69.0,,,,
2025-03-26,FTSE/JSE All Share,89713.0390625,89926.53125,90310.7109375,89622.15625,0,18.270610809326172,3020.89990234375,69.6500015258789,,,,
2025-03-27,FTSE/JSE All Share,89926.53125,89897.640625,89994.03125,89261.2890625,0,18.26959991455078,3060.199951171875,69.91999816894531,,,,
2025-03-28,FTSE/JSE All Share,89897.640625,89572.578125,90154.1875,89360.7734375,0,18.205350875854492,3086.5,69.36000061035156,,,,
2025-03-31,FTSE/JSE All Share,89572.578125,88637.453125,89572.578125,88595.9921875,0,18.41119956970215,3122.800048828125,71.4800033569336,,,,
2025-04-01,FTSE/JSE All Share,88637.453125,89950.7890625,90219.421875,88637.453125,0,18.30838966369629,3118.89990234375,71.19999694824219,,,,
2025-04-02,FTSE/JSE All Share,89950.7890625,89105.7421875,90028.78125,88736.0078125,0,18.477970123291016,3139.89990234375,71.70999908447266,,,,
2025-04-03,FTSE/JSE All Share,89105.7421875,86082.5234375,89105.7421875,85074.3125,0,18.94409942626953,3097.0,66.94999694824219,,,,
2025-04-04,FTSE/JSE All Share,86082.5234375,81553.65625,86082.5234375,80868.8671875,0,18.739099502563477,3012.0,61.9900016784668,,,,
2025-04-07,FTSE/JSE All Share,81553.65625,82161.5234375,83629.390625,77165.0,0,19.27482032775879,2951.300048828125,60.70000076293945,,,,
2025-04-08,FTSE/JSE All Share,82161.5234375,84227.34375,84693.453125,81303.7421875,0,19.55769920349121,2968.39990234375,59.58000183105469,,,,
2025-04-09,FTSE/JSE All Share,84227.34375,82485.8125,84227.34375,81923.5390625,0,19.75782012939453,3056.5,62.349998474121094,,,,
2025-04-10,FTSE/JSE All Share,82485.8125,86041.5390625,86704.453125,82485.8125,0,19.412220001220703,3155.199951171875,60.06999969482422,,,,
2025-04-11,FTSE/JSE All Share,86041.5390625,86406.4609375,86919.7109375,85648.203125,0,19.48649024963379,3222.199951171875,61.5,,,,
2025-04-14,FTSE/JSE All Share,86406.4609375,88717.109375,88717.109375,86406.4609375,0,19.118560791015625,3204.800048828125,61.529998779296875,,,,
2025-04-15,FTSE/JSE All Share,88717.109375,89521.796875,89631.7265625,88263.7890625,0,18.871400833129883,3218.699951171875,61.33000183105469,,,,
2025-04-16,FTSE/JSE All Share,89521.796875,89696.6875,90534.359375,89407.046875,0,19.026330947875977,3326.60009765625,62.470001220703125,,,,
2025-04-17,FTSE/JSE All Share,89696.6875,89486.7890625,89936.7421875,89216.0390625,0,18.780250549316406,3308.699951171875,64.68000030517578,,,,
2025-04-22,FTSE/JSE All Share,89486.7890625,89912.0,90867.46875,89486.7890625,0,18.697460174560547,3400.800048828125,64.30999755859375,,,,
2025-04-23,FTSE/JSE All Share,89912.0,89846.8125,90868.7109375,89652.3125,0,18.607519149780273,3276.300048828125,62.27000045776367,,,,
2025-04-24,FTSE/JSE All Share,89846.8125,90552.7734375,90647.953125,89485.71875,0,18.659400939941406,3332.0,62.790000915527344,,,,
2025-04-25,FTSE/JSE All Share,90552.7734375,90720.328125,91155.3671875,90552.7734375,0,18.749309539794922,3282.39990234375,63.02000045776367,,,,
2025-04-29,FTSE/JSE All Share,90720.328125,91311.1484375,91447.7109375,90720.328125,0,18.49449920654297,3318.800048828125,60.41999816894531,,,,
2025-04-30,FTSE/JSE All Share,91311.1484375,91583.390625,91954.4375,91201.5078125,0,18.513200759887695,3305.0,58.209999084472656,,,,
2025-05-02,FTSE/JSE All Share,91583.390625,92332.59375,92702.796875,91408.2734375,0,18.540700912475586,3231.89990234375,58.290000915527344,,,,
2025-05-05,FTSE/JSE All Share,92332.59375,92063.0625,92596.5390625,91831.609375,0,18.40369987487793,3311.300048828125,57.130001068115234,,,,
2025-05-06,FTSE/JSE All Share,92063.0625,92027.5078125,92653.2890625,91004.453125,0,18.259660720825195,3411.39990234375,59.09000015258789,,,,
2025-05-07,FTSE/JSE All Share,92027.5078125,91496.59375,92412.9375,91478.34375,0,18.19230079650879,3381.39990234375,58.06999969482422,,,,
2025-05-08,FTSE/JSE All Share,91496.59375,90890.078125,91857.578125,90890.078125,0,18.25079917907715,3296.60009765625,59.90999984741211,,,,
2025-05-09,FTSE/JSE All Share,90890.078125,91861.2109375,92041.65625,90890.078125,0,18.2106990814209,3335.39990234375,61.02000045776367,,,,
2025-05-12,FTSE/JSE All Share,91861.2109375,92170.828125,92992.109375,91861.2109375,0,18.201749801635742,3220.0,61.95000076293945,,,,
2025-05-13,FTSE/JSE All Share,92170.828125,92638.796875,92674.046875,91980.8671875,0,18.24401092529297,3240.300048828125,63.66999816894531,,,,
2025-05-14,FTSE/JSE All Share,92638.796875,92473.9765625,93072.0234375,92295.1328125,0,18.297489166259766,3181.39990234375,63.150001525878906,,,,
2025-05-15,FTSE/JSE All Share,92473.9765625,92338.4375,92563.328125,91686.9609375,0,18.215930938720703,3220.699951171875,61.619998931884766,,,,
2025-05-16,FTSE/JSE All Share,92338.4375,92618.546875,92618.546875,92084.640625,0,17.99720001220703,3182.0,62.4900016784668,,,,
2025-05-19,FTSE/JSE All Share,92618.546875,92492.109375,92696.703125,91753.140625,0,18.04216957092285,3228.89990234375,62.689998626708984,,,,
2025-05-20,FTSE/JSE All Share,92492.109375,92763.21875,92763.21875,92172.75,0,18.0698299407959,3280.300048828125,62.560001373291016,,,,
2025-05-21,FTSE/JSE All Share,92763.21875,93397.4375,93827.390625,92763.21875,0,17.92137908935547,3309.300048828125,61.56999969482422,,,,
2025-05-22,FTSE/JSE All Share,93397.4375,93135.109375,93397.4375,92490.40625,0,17.97150993347168,3292.300048828125,61.20000076293945,,,,
2025-05-23,FTSE/JSE All Share,93135.109375,93528.7421875,93994.1171875,92835.75,0,18.005889892578125,3363.60009765625,61.529998779296875,,,,
2025-05-26,FTSE/JSE All Share,93528.7421875,93724.3125,94203.953125,93492.609375,0,17.811899185180664,,,,,,
2025-05-27,FTSE/JSE All Share,93724.3125,93764.1484375,93965.078125,93079.4609375,0,17.830799102783203,3299.10009765625,60.88999938964844,,,,
2025-05-28,FTSE/JSE All Share,93764.1484375,93868.8671875,94315.71875,93590.328125,0,17.946870803833008,3293.60009765625,61.84000015258789,,,,
2025-05-29,FTSE/JSE All Share,93868.8671875,94726.1171875,94963.40625,93868.8671875,0,17.964099884033203,3317.10009765625,60.939998626708984,,,,
2025-05-30,FTSE/JSE All Share,94726.1171875,94330.84375,95055.96875,94184.6875,0,17.782249450683594,3288.89990234375,60.790000915527344,,,,
2025-06-02,FTSE/JSE All Share,94290.328125,95162.328125,95162.328125,94256.84375,0,17.967790603637695,3370.60009765625,62.52000045776367,,,,
2025-06-03,FTSE/JSE All Share,95162.328125,94882.296875,95162.328125,94545.8671875,0,17.830699920654297,3350.199951171875,63.40999984741211,,,,
2025-06-04,FTSE/JSE All Share,94882.296875,95650.15625,95882.3984375,94882.296875,0,17.84756088256836,3373.5,62.849998474121094,,,,
2025-06-05,FTSE/JSE All Share,95650.15625,96411.7734375,96776.84375,95650.15625,0,17.808429718017578,3350.699951171875,63.369998931884766,,,,
2025-06-06,FTSE/JSE All Share,96411.7734375,96366.078125,96901.34375,96336.0078125,0,17.704139709472656,3322.699951171875,64.58000183105469,,,,
2025-06-09,FTSE/JSE All Share,96366.078125,96413.4765625,96774.75,96310.890625,0,17.766019821166992,3332.10009765625,65.29000091552734,,,,
2025-06-10,FTSE/JSE All Share,96413.4765625,96657.0,97055.1171875,96407.34375,0,17.70840072631836,3320.89990234375,64.9800033569336,,,,
2025-06-11,FTSE/JSE All Share,96657.0,96404.140625,97094.28125,96053.15625,0,17.68400001525879,3321.300048828125,68.1500015258789,,,,
2025-06-12,FTSE/JSE All Share,96404.140625,97029.34375,97182.75,96134.15625,0,17.68670082092285,3380.89990234375,68.04000091552734,,,,
2025-06-13,FTSE/JSE All Share,97029.34375,95324.34375,97029.34375,95324.34375,0,17.7549991607666,3431.199951171875,72.9800033569336,,,,
2025-06-17,FTSE/JSE All Share,95324.34375,94657.0703125,95453.03125,94382.9296875,0,17.815589904785156,3386.60009765625,74.83999633789062,,,,
2025-06-18,FTSE/JSE All Share,94657.0703125,94992.8125,95182.8203125,94013.921875,0,17.983699798583984,3389.800048828125,75.13999938964844,,,,
2025-06-19,FTSE/JSE All Share,94992.8125,94914.703125,94992.8125,94047.46875,0,18.018999099731445,,,,,,
2025-06-20,FTSE/JSE All Share,94914.703125,94710.4765625,95527.609375,94710.4765625,0,17.99456024169922,3368.10009765625,74.93000030517578,,,,
2025-06-23,FTSE/JSE All Share,94710.4765625,95128.203125,95145.53125,94220.84375,0,18.061199188232422,3377.699951171875,68.51000213623047,,,,
2025-06-24,FTSE/JSE All Share,95128.203125,95887.03125,96100.7734375,95128.203125,0,17.814800262451172,3317.39990234375,64.37000274658203,,,,
2025-06-25,FTSE/JSE All Share,95887.03125,95311.21875,96526.09375,94905.640625,0,17.721599578857422,3327.10009765625,64.91999816894531,,,,
2025-06-26,FTSE/JSE All Share,95311.21875,95968.2578125,96315.7265625,95311.21875,0,17.7007999420166,3333.5,65.23999786376953,,,,
2025-06-27,FTSE/JSE All Share,95968.2578125,95862.28125,96010.7265625,95342.0,0,17.860599517822266,3273.699951171875,65.5199966430664,,,,
2025-06-30,FTSE/JSE All Share,95862.28125,96429.7421875,96706.28125,95862.28125,0,17.77079963684082,3294.39990234375,65.11000061035156,,,,
2025-07-01,FTSE/JSE All Share,96429.7421875,96911.3515625,97300.390625,96429.7421875,0,17.705299377441406,3336.699951171875,65.44999694824219,,,,
2025-07-02,FTSE/JSE All Share,96911.3515625,96609.3671875,97178.546875,95962.0078125,0,17.592470169067383,3348.0,67.44999694824219,,,,
2025-07-03,FTSE/JSE All Share,96609.3671875,96937.03125,97284.25,96609.3671875,0,17.559099197387695,3331.60009765625,67.0,,,,
2025-07-04,FTSE/JSE All Share,96937.03125,97182.7109375,97186.578125,96711.90625,0,17.503400802612305,3332.5,66.5,,,,
2025-07-07,FTSE/JSE All Share,97182.7109375,97363.359375,97375.1328125,96461.8984375,0,17.58970069885254,3332.199951171875,67.93000030517578,,,,
2025-07-08,FTSE/JSE All Share,97363.359375,97255.7421875,97878.8125,97167.8203125,0,17.85569953918457,3307.0,68.33000183105469,,,,
2025-07-09,FTSE/JSE All Share,97255.7421875,97230.0234375,97583.3828125,96888.3203125,0,17.77581024169922,3311.60009765625,68.37999725341797,,,,
2025-07-10,FTSE/JSE All Share,97230.0234375,97364.4609375,98140.3203125,97230.0234375,0,17.80755043029785,3317.39990234375,66.56999969482422,,,,
2025-07-11,FTSE/JSE All Share,97364.4609375,97221.578125,97819.0703125,96703.6015625,0,17.721099853515625,3356.0,68.44999694824219,,,,
2025-07-14,FTSE/JSE All Share,97221.578125,96799.65625,97459.640625,96685.296875,0,17.927900314331055,3351.5,66.9800033569336,,,,
2025-07-15,FTSE/JSE All Share,96799.65625,97019.359375,97653.6328125,96799.65625,0,17.903799057006836,3329.800048828125,66.5199966430664,,,,
2025-07-16,FTSE/JSE All Share,97019.359375,97064.25,97194.1328125,96484.390625,0,17.894420623779297,3352.5,66.37999725341797,,,,
2025-07-17,FTSE/JSE All Share,97064.25,97353.34375,97374.640625,97001.6171875,0,17.822900772094727,3340.10009765625,67.54000091552734,,,,
2025-07-18,FTSE/JSE All Share,97353.34375,98687.0703125,98867.3828125,97353.34375,0,17.801700592041016,3353.0,67.33999633789062,,,,
2025-07-21,FTSE/JSE All Share,98687.0703125,99653.78125,99658.140625,98687.0703125,0,17.7007999420166,3401.89990234375,67.19999694824219,,,,
2025-07-22,FTSE/JSE All Share,99653.78125,99324.53125,99653.78125,98822.953125,0,17.597200393676758,3439.199951171875,66.20999908447266,,,,
2025-07-23,FTSE/JSE All Share,99324.53125,179.8000030517578,99324.53125,179.8000030517578,0,17.550899505615234,3394.10009765625,65.25,,,,
2025-07-24,FTSE/JSE All Share,179.8000030517578,99971.1171875,99971.1171875,179.8000030517578,0,17.511699676513672,3371.0,66.02999877929688,,,,
2025-07-25,FTSE/JSE All Share,99971.1171875,98918.8671875,99971.1171875,98848.1796875,0,17.613100051879883,3334.0,65.16000366210938,,,,
2025-07-28,FTSE/JSE All Share,98918.8671875,98696.390625,99402.2421875,98482.8671875,0,17.738100051879883,3309.10009765625,66.70999908447266,,,,
2025-07-29,FTSE/JSE All Share,98696.390625,99165.0625,99456.2578125,98692.3125,0,17.88990020751953,3323.39990234375,69.20999908447266,,,,
2025-07-30,FTSE/JSE All Share,99165.0625,99314.703125,99430.7265625,98827.328125,0,17.867700576782227,3295.800048828125,70.0,,,,
2025-07-31,FTSE/JSE All Share,99314.703125,98519.5078125,99358.8984375,98519.5078125,0,17.981779098510742,3293.199951171875,69.26000213623047,,,,
2025-08-01,FTSE/JSE All Share,98519.5078125,97744.1484375,98519.5078125,97010.46875,0,18.210580825805664,3347.699951171875,67.33000183105469,,,,
2025-08-04,FTSE/JSE All Share,97744.1484375,99312.0625,99312.0625,97744.1484375,0,18.012100219726562,3374.39990234375,66.29000091552734,,,,
2025-08-05,FTSE/JSE All Share,99312.1015625,99674.1015625,100092.1015625,99312.1015625,0,17.919700622558594,3381.89990234375,65.16000366210938,,,,
2025-08-06,FTSE/JSE All Share,99674.1015625,100152.796875,100347.296875,99674.1015625,0,17.891599655151367,3380.0,64.3499984741211,,,,
2025-08-07,FTSE/JSE All Share,100152.796875,100643.3984375,100962.8984375,100152.796875,0,17.77482032775879,3400.300048828125,63.880001068115234,,,,
2025-08-08,FTSE/JSE All Share,100643.3984375,100855.203125,101058.5,100603.703125,0,17.6931095123291,3439.10009765625,63.880001068115234,,,,
2025-08-11,FTSE/JSE All Share,100855.203125,100630.3984375,101090.1015625,100254.8984375,0,17.732099533081055,3353.10009765625,63.959999084472656,,,,
2025-08-12,FTSE/JSE All Share,100630.3984375,101271.203125,101386.5,100630.3984375,0,17.752099990844727,3348.89990234375,63.16999816894531,,,,
2025-08-13,FTSE/JSE All Share,101271.203125,102278.3984375,102639.6015625,101271.203125,0,17.566699981689453,3358.699951171875,62.650001525878906,,,,
2025-08-14,FTSE/JSE All Share,102278.3984375,101993.0,102553.3984375,101530.0,0,17.496379852294922,3335.199951171875,63.959999084472656,,,,
2025-08-15,FTSE/JSE All Share,101993.0,101950.296875,102462.703125,101792.3984375,0,17.58032989501953,3336.0,62.79999923706055,,,,
2025-08-18,FTSE/JSE All Share,101950.296875,101142.6015625,102296.5,101142.6015625,0,17.575899124145508,3331.699951171875,63.41999816894531,,,,
2025-08-19,FTSE/JSE All Share,101142.6015625,101196.1015625,101727.296875,100898.1015625,0,17.624540328979492,3313.39990234375,62.349998474121094,,,,
2025-08-20,FTSE/JSE All Share,101196.1015625,101055.8984375,101196.1015625,100640.296875,0,17.69993019104004,3343.39990234375,63.209999084472656,,,,
2025-08-21,FTSE/JSE All Share,101055.8984375,101750.5,101866.6015625,101055.8984375,0,17.66860008239746,3336.89990234375,63.52000045776367,,,,
2025-08-22,FTSE/JSE All Share,101750.5,102723.5,102723.5,101750.5,0,17.703519821166992,3374.39990234375,63.65999984741211,,,,
2025-08-25,FTSE/JSE All Share,102723.5,102978.5,103266.0,102723.5,0,17.429529190063477,3373.800048828125,64.80000305175781,,,,
2025-08-26,FTSE/JSE All Share,102978.5,102433.203125,102978.5,102157.296875,0,17.612899780273438,3388.60009765625,63.25,,,,
2025-08-27,FTSE/JSE All Share,102433.203125,102006.796875,102433.203125,101725.296875,0,17.62042999267578,3404.60009765625,64.1500015258789,,,,
2025-08-28,FTSE/JSE All Share,102006.796875,101858.8984375,102625.1015625,101658.6015625,0,17.68090057373047,3431.800048828125,64.5999984741211,,,,
2025-08-29,FTSE/JSE All Share,101858.8984375,101835.6015625,102110.703125,101398.3984375,0,17.68086051940918,3473.699951171875,64.01000213623047,,,,
2025-09-01,FTSE/JSE All Share,101835.6015625,101899.0,102741.703125,101835.6015625,0,17.638599395751953,,,,,,
2025-09-02,FTSE/JSE All Share,101899.0,101167.203125,102405.1015625,100589.296875,0,17.616239547729492,3549.39990234375,65.58999633789062,,,,
2025-09-03,FTSE/JSE All Share,101167.203125,101514.8984375,101887.5,100586.203125,0,17.696399688720703,3593.199951171875,63.970001220703125,,,,
2025-09-04,FTSE/JSE All Share,101514.8984375,100433.0,101540.203125,100433.0,0,17.653799057006836,3565.800048828125,63.47999954223633,,,,
2025-09-05,FTSE/JSE All Share,100433.0,101532.296875,102173.6015625,100433.0,0,17.743900299072266,3613.199951171875,61.869998931884766,,,,
2025-09-08,FTSE/JSE All Share,101532.296875,102771.796875,102771.796875,101532.296875,0,17.60070037841797,3638.10009765625,62.2599983215332,,,,
2025-09-09,FTSE/JSE All Share,102771.796875,103227.703125,103759.796875,102771.796875,0,17.46240997314453,3643.300048828125,62.630001068115234,,,,
2025-09-10,FTSE/JSE All Share,103227.703125,103587.703125,103659.796875,103131.1015625,0,17.53380012512207,3643.60009765625,63.66999816894531,,,,
2025-09-11,FTSE/JSE All Share,103587.703125,103927.3984375,104081.8984375,102800.8984375,0,17.47480010986328,3636.89990234375,62.369998931884766,,,,
2025-09-12,FTSE/JSE All Share,103927.3984375,104458.3984375,104613.8984375,103927.3984375,0,17.346599578857422,3649.39990234375,62.689998626708984,,,,
2025-09-15,FTSE/JSE All Share,104458.3984375,104675.3984375,104754.0,104093.5,0,17.348560333251953,3682.199951171875,63.29999923706055,,,,
2025-09-16,FTSE/JSE All Share,104675.3984375,104885.0,105486.796875,104644.5,0,17.3605899810791,3688.89990234375,64.5199966430664,,,,
2025-09-17,FTSE/JSE All Share,104885.0,105367.8984375,105446.0,104257.5,0,17.337570190429688,3681.800048828125,64.05000305175781,,,,
2025-09-18,FTSE/JSE All Share,105367.8984375,105422.796875,105898.8984375,104504.796875,0,17.375499725341797,3643.699951171875,63.56999969482422,,,,
2025-09-19,FTSE/JSE All Share,105422.796875,106110.796875,106110.796875,104983.8984375,0,17.340330123901367,3671.5,62.68000030517578,,,,
2025-09-22,FTSE/JSE All Share,106110.796875,105963.1015625,106968.1015625,105594.796875,0,17.319110870361328,3740.699951171875,62.63999938964844,,,,
2025-09-23,FTSE/JSE All Share,105963.1015625,106693.203125,106828.296875,105963.1015625,0,17.330900192260742,3780.60009765625,63.40999984741211,,,,
2025-09-25,FTSE/JSE All Share,106693.203125,105803.203125,106693.203125,105647.796875,0,17.327280044555664,3736.89990234375,64.9800033569336,,,,
2025-09-26,FTSE/JSE All Share,105803.203125,106700.1015625,106893.796875,105566.0,0,17.422000885009766,3775.300048828125,65.72000122070312,,,,
2025-09-29,FTSE/JSE All Share,106700.1015625,107243.6015625,107914.8984375,106700.1015625,0,17.34040069580078,3820.89990234375,63.45000076293945,,,,
2025-09-30,FTSE/JSE All Share,107243.6015625,107940.5,108110.3984375,106750.3984375,0,17.250200271606445,3840.800048828125,62.369998931884766,,,,
2025-10-01,FTSE/JSE All Share,107940.5,108649.796875,109157.0,107830.703125,0,17.27267074584961,3867.5,61.779998779296875,,,,
2025-10-02,FTSE/JSE All Share,108649.796875,108089.8984375,109472.796875,107984.8984375,0,17.206579208374023,3839.699951171875,60.47999954223633,,,,
2025-10-03,FTSE/JSE All Share,108089.8984375,109778.1015625,109778.1015625,108089.8984375,0,17.270299911499023,3880.800048828125,60.880001068115234,,,,
2025-10-06,FTSE/JSE All Share,109778.1015625,109925.8984375,110350.0,109497.5,0,17.257659912109375,3948.5,61.689998626708984,,,,
2025-10-07,FTSE/JSE All Share,109925.8984375,109448.8984375,109949.0,109205.703125,0,17.151199340820312,3976.60009765625,61.72999954223633,,,,
2025-10-08,FTSE/JSE All Share,109448.8984375,110970.703125,110970.703125,109448.8984375,0,17.209299087524414,4043.300048828125,62.54999923706055,,,,
2025-10-09,FTSE/JSE All Share,110970.703125,110243.296875,111467.703125,110241.5,0,17.152050018310547,3946.300048828125,61.5099983215332,,,,
2025-10-10,FTSE/JSE All Share,110243.296875,110022.796875,110304.3984375,108880.5,0,17.19162940979004,3975.89990234375,58.900001525878906,,,,
2025-10-13,FTSE/JSE All Share,110022.796875,111028.796875,111120.6015625,110022.796875,0,17.41132926940918,4108.60009765625,59.4900016784668,,,,
2025-10-14,FTSE/JSE All Share,111028.796875,110875.3984375,111028.796875,109986.1015625,0,17.32033920288086,4138.7001953125,58.70000076293945,,,,
2025-10-15,FTSE/JSE All Share,110875.3984375,111634.6015625,112216.6015625,110875.3984375,0,17.385459899902344,4176.89990234375,58.27000045776367,,,,
2025-10-16,FTSE/JSE All Share,111634.6015625,113024.1015625,113196.796875,111634.6015625,0,17.34510040283203,4280.2001953125,57.459999084472656,,,,
2025-10-17,FTSE/JSE All Share,113024.1015625,110736.1015625,113024.1015625,110736.1015625,0,17.335460662841797,4189.89990234375,57.540000915527344,,,,
2025-10-20,FTSE/JSE All Share,110736.1015625,111325.703125,111618.6015625,110493.5,0,17.3656005859375,4336.39990234375,57.52000045776367,,,,
2025-10-21,FTSE/JSE All Share,111325.703125,108902.0,111389.5,108508.296875,0,17.217859268188477,4087.699951171875,57.81999969482422,,,,
2025-10-22,FTSE/JSE All Share,108902.0,108837.1015625,109654.8984375,107637.5,0,17.38779067993164,4044.39990234375,58.5,,,,
2025-10-23,FTSE/JSE All Share,108837.1015625,110742.703125,110742.703125,108837.1015625,0,17.415790557861328,4125.5,61.790000915527344,,,,
2025-10-24,FTSE/JSE All Share,110742.703125,110443.703125,111223.203125,109472.8984375,0,17.32200050354004,4118.39990234375,61.5,,,,
2025-10-27,FTSE/JSE All Share,110443.703125,108707.296875,111128.0,108678.8984375,0,17.199499130249023,4001.89990234375,61.310001373291016,,,,
2025-10-28,FTSE/JSE All Share,108707.296875,109818.5,110033.5,108049.8984375,0,17.21092987060547,3966.199951171875,60.150001525878906,,,,
2025-10-29,FTSE/JSE All Share,109818.5,110371.296875,111466.5,109762.6015625,0,17.14674949645996,3983.699951171875,60.47999954223633,,,,
2025-10-30,FTSE/JSE All Share,110371.296875,109669.796875,110371.296875,109095.0,0,17.162700653076172,4001.300048828125,60.56999969482422,,,,
2025-10-31,FTSE/JSE All Share,109669.796875,109243.6015625,109884.3984375,109201.296875,0,17.275890350341797,3982.199951171875,60.97999954223633,,,,
2025-11-03,FTSE/JSE All Share,109243.6015625,109080.8984375,109915.1015625,108624.0,0,17.28927993774414,4000.300048828125,61.04999923706055,,,,
2025-11-04,FTSE/JSE All Share,109080.8984375,107381.8984375,109080.8984375,106789.703125,0,17.29412078857422,3947.699951171875,60.560001373291016,,,,
2025-11-05,FTSE/JSE All Share,107381.8984375,108795.8984375,108801.703125,107008.203125,0,17.491039276123047,3980.300048828125,59.599998474121094,,,,
2025-11-06,FTSE/JSE All Share,108795.8984375,110100.5,110342.8984375,108795.8984375,0,17.399799346923828,3979.89990234375,59.43000030517578,,,,
2025-11-07,FTSE/JSE All Share,110100.5,108846.3984375,110100.5,108287.796875,0,17.353029251098633,3999.39990234375,59.75,,,,
2025-11-10,FTSE/JSE All Share,108846.3984375,110841.6015625,111239.3984375,108846.3984375,0,17.30554962158203,4111.7998046875,60.130001068115234,,,,
2025-11-11,FTSE/JSE All Share,110841.6015625,111187.203125,111791.3984375,110841.6015625,0,17.145610809326172,4106.7998046875,61.040000915527344,,,,
2025-11-12,FTSE/JSE All Share,111187.203125,112908.5,112947.8984375,111187.203125,0,17.15203094482422,4204.39990234375,58.4900016784668,,,,
2025-11-13,FTSE/JSE All Share,112908.5,114045.5,115716.5,112908.5,0,17.087230682373047,4186.89990234375,58.689998626708984,,,,
2025-11-14,FTSE/JSE All Share,114045.5,111973.203125,114045.5,110793.703125,0,17.038570404052734,4087.60009765625,60.09000015258789,,,,
2025-11-17,FTSE/JSE All Share,111973.203125,112314.203125,112581.0,111712.796875,0,17.08218002319336,4068.300048828125,59.90999984741211,,,,
2025-11-18,FTSE/JSE All Share,112314.203125,110391.8984375,112314.203125,109870.8984375,0,17.171049118041992,4061.300048828125,60.7400016784668,,,,
2025-11-19,FTSE/JSE All Share,110391.8984375,112019.296875,112019.296875,110391.8984375,0,17.166799545288086,4077.699951171875,59.439998626708984,,,,
2025-11-20,FTSE/JSE All Share,112019.296875,111896.796875,112876.8984375,111640.3984375,0,17.178800582885742,4056.5,59.13999938964844,,,,
2025-11-21,FTSE/JSE All Share,111896.796875,109641.296875,111896.796875,108263.5,0,17.212350845336914,4076.699951171875,58.060001373291016,,,,
2025-11-24,FTSE/JSE All Share,109641.296875,110015.3984375,110756.1015625,109017.3984375,0,17.36482048034668,4091.89990234375,58.84000015258789,,,,
2025-11-25,FTSE/JSE All Share,110015.3984375,110295.203125,110898.296875,109222.5,0,17.291170120239258,4139.2001953125,57.95000076293945,,,,
2025-11-26,FTSE/JSE All Share,110295.203125,111861.703125,112328.203125,110295.203125,0,17.20210075378418,4165.2001953125,58.650001525878906,,,,
2025-11-27,FTSE/JSE All Share,111861.703125,110567.8984375,112562.8984375,110561.8984375,0,17.131099700927734,,,,,,
2025-11-28,FTSE/JSE All Share,110567.8984375,110958.5,111616.296875,110458.3984375,0,17.140869140625,4218.2998046875,58.54999923706055,,,,
2025-12-01,FTSE/JSE All Share,110958.5,111947.8984375,111947.8984375,110147.6015625,0,17.109420776367188,4239.2998046875,59.31999969482422,,,,
2025-12-02,FTSE/JSE All Share,111947.8984375,110836.8984375,111947.8984375,110836.8984375,0,17.0743408203125,4186.60009765625,58.63999938964844,,,,
2025-12-03,FTSE/JSE All Share,110836.8984375,111332.703125,111622.5,110272.296875,0,17.09333038330078,4199.2998046875,58.95000076293945,,,,
2025-12-04,FTSE/JSE All Share,111332.703125,110924.703125,111383.296875,110546.6015625,0,17.032760620117188,4211.7998046875,59.66999816894531,,,,
2025-12-05,FTSE/JSE All Share,110924.703125,112479.8984375,112479.8984375,110924.703125,0,16.98200035095215,4212.89990234375,60.08000183105469,,,,
2025-12-08,FTSE/JSE All Share,112479.8984375,110827.3984375,112594.703125,110790.1015625,0,16.93058967590332,4187.2001953125,58.880001068115234,,,,
2025-12-09,FTSE/JSE All Share,110827.3984375,110730.6015625,110827.3984375,110005.296875,0,17.025800704956055,4206.7001953125,58.25,,,,
2025-12-10,FTSE/JSE All Share,110730.6015625,111042.8984375,111115.6015625,110730.6015625,0,17.02790069580078,4196.39990234375,58.459999084472656,,,,
2025-12-11,FTSE/JSE All Share,111042.8984375,112123.6015625,112525.703125,111042.8984375,0,16.922800064086914,4285.5,57.599998474121094,,,,
2025-12-12,FTSE/JSE All Share,112123.6015625,113301.796875,114312.8984375,112123.6015625,0,16.851699829101562,4300.10009765625,57.439998626708984,,,,
2025-12-15,FTSE/JSE All Share,113301.796875,112863.0,113672.203125,112619.703125,0,16.858869552612305,4306.7001953125,56.81999969482422,,,,
2025-12-17,FTSE/JSE All Share,112863.0,114044.1015625,114302.8984375,112863.0,0,16.73332977294922,4347.5,55.939998626708984,,,,
2025-12-18,FTSE/JSE All Share,114044.1015625,114515.796875,115286.5,113744.3984375,0,16.766679763793945,4339.5,56.150001525878906,,,,
2025-12-19,FTSE/JSE All Share,114515.796875,114849.8984375,115143.703125,113452.5,0,16.71702003479004,4361.39990234375,56.65999984741211,,,,
2025-12-22,FTSE/JSE All Share,114849.8984375,115909.6015625,116328.8984375,114849.8984375,0,16.74496078491211,4444.60009765625,58.0099983215332,,,,
2025-12-23,FTSE/JSE All Share,115909.6015625,116602.5,116855.8984375,115909.6015625,0,16.696500778198242,4482.7998046875,58.380001068115234,,,,
2025-12-24,FTSE/JSE All Share,116602.5,117085.5,117528.8984375,116602.5,0,16.668699264526367,4480.60009765625,58.349998474121094,,,,
2025-12-29,FTSE/JSE All Share,117085.5,116047.8984375,117427.703125,115980.0,0,16.65920066833496,4325.10009765625,58.08000183105469,,,,
2025-12-30,FTSE/JSE All Share,116047.8984375,116501.203125,117246.3984375,115974.1015625,0,16.672700881958008,4370.10009765625,57.95000076293945,,,,
2025-12-31,FTSE/JSE All Share,116501.203125,115832.296875,116501.203125,115304.6015625,0,16.58547019958496,4325.60009765625,57.41999816894531,,,,
2026-01-02,FTSE/JSE All Share,115832.296875,116092.0,116925.703125,115748.6015625,0,16.551599502563477,4314.39990234375,57.31999969482422,,,,
2026-01-05,FTSE/JSE All Share,116092.0,116582.703125,116715.3984375,115733.203125,0,16.49650001525879,4436.89990234375,58.31999969482422,,,,
2026-01-06,FTSE/JSE All Share,116582.703125,118722.796875,119052.8984375,116395.3984375,0,16.359729766845703,4482.2001953125,57.130001068115234,,,,
2026-01-07,FTSE/JSE All Share,118722.796875,117922.5,118722.796875,117796.703125,0,16.35487937927246,4449.2998046875,55.9900016784668,,,,
2026-01-08,FTSE/JSE All Share,117922.5,116989.296875,118035.1015625,116874.796875,0,16.446640014648438,4449.7001953125,57.7599983215332,,,,
2026-01-09,FTSE/JSE All Share,116989.296875,118110.203125,118439.3984375,116989.296875,0,16.512060165405273,4490.2998046875,59.119998931884766,,,,
2026-01-12,FTSE/JSE All Share,118110.203125,120148.1015625,120148.1015625,118110.203125,0,16.474519729614258,4604.2998046875,59.5,,,,
2026-01-13,FTSE/JSE All Share,120148.1015625,120964.3984375,120964.3984375,119805.796875,0,16.37459945678711,4589.2001953125,61.150001525878906,,,,
2026-01-14,FTSE/JSE All Share,120964.3984375,120856.796875,121629.796875,120536.296875,0,16.38578987121582,4626.2998046875,62.02000045776367,,,,
2026-01-15,FTSE/JSE All Share,120856.796875,120870.1015625,121602.5,120509.5,0,16.38875961303711,4616.2998046875,59.189998626708984,,,,
2026-01-16,FTSE/JSE All Share,120870.1015625,120169.703125,121041.796875,119758.203125,0,16.3302001953125,4588.39990234375,59.439998626708984,,,,
2026-01-19,FTSE/JSE All Share,120169.703125,120116.3984375,120352.8984375,119649.203125,0,16.408000946044922,,,,,,
2026-01-20,FTSE/JSE All Share,120116.3984375,120534.3984375,120671.1015625,119866.1015625,0,16.370819091796875,4759.60009765625,60.34000015258789,,,,
2026-01-21,FTSE/JSE All Share,120534.3984375,120781.0,121657.3984375,120534.3984375,0,16.41029930114746,4831.7998046875,60.619998931884766,,,,
2026-01-22,FTSE/JSE All Share,120781.0,121501.703125,122025.203125,120448.5,0,16.262710571289062,4908.7998046875,59.36000061035156,,,,
2026-01-23,FTSE/JSE All Share,121501.703125,122281.296875,122683.203125,121434.296875,0,16.12579917907715,4976.2001953125,61.06999969482422,,,,
2026-01-26,FTSE/JSE All Share,122281.296875,124563.5,124563.5,122281.296875,0,16.04631996154785,5079.7001953125,60.630001068115234,,,,
2026-01-27,FTSE/JSE All Share,124563.5,123419.6015625,124790.796875,123419.6015625,0,16.014999389648438,5079.89990234375,62.38999938964844,,,,
2026-01-28,FTSE/JSE All Share,123419.6015625,125069.203125,125473.703125,123419.6015625,0,15.857760429382324,5301.60009765625,63.209999084472656,,,,
2026-01-29,FTSE/JSE All Share,125069.203125,125249.1015625,126936.6015625,125065.296875,0,15.710020065307617,5318.39990234375,65.41999816894531,,,,
2026-01-30,FTSE/JSE All Share,125249.1015625,120045.703125,125249.1015625,120045.703125,0,15.7183198928833,4713.89990234375,65.20999908447266,,,,
2026-02-02,FTSE/JSE All Share,120045.703125,118902.8984375,120045.703125,112738.796875,0,16.137269973754883,4622.5,62.13999938964844,,,,
2026-02-03,FTSE/JSE All Share,118902.8984375,120516.296875,121091.6015625,118902.8984375,0,16.053630828857422,4903.7001953125,63.209999084472656,,,,
2026-02-04,FTSE/JSE All Share,120516.296875,120813.796875,121755.296875,120516.296875,0,15.931839942932129,4920.39990234375,65.13999938964844,,,,
2026-02-05,FTSE/JSE All Share,120813.796875,118539.8984375,120813.796875,117759.0,0,16.07012939453125,4861.39990234375,63.290000915527344,,,,
2026-02-06,FTSE/JSE All Share,118539.8984375,120051.203125,120235.703125,117608.6015625,0,16.241300582885742,4951.2001953125,63.54999923706055,,,,
2026-02-09,FTSE/JSE All Share,120051.203125,120276.796875,121057.0,119300.0,0,15.992159843444824,5050.89990234375,64.36000061035156,,,,
2026-02-10,FTSE/JSE All Share,120276.796875,120886.6015625,121264.6015625,119642.8984375,0,15.894000053405762,5003.7998046875,63.959999084472656,,,,
2026-02-11,FTSE/JSE All Share,120886.6015625,121752.8984375,122194.8984375,120886.6015625,0,15.92609977722168,5071.60009765625,64.62999725341797,,,,
2026-02-12,FTSE/JSE All Share,121752.8984375,122213.3984375,122608.703125,121366.5,0,15.869400024414062,4923.7001953125,62.84000015258789,,,,
2026-02-13,FTSE/JSE All Share,122213.3984375,120584.1015625,122213.3984375,119905.6015625,0,15.947830200195312,5022.0,62.88999938964844,,,,
